Glyph,Name ,Character(s) 
Ã,Aacute; ,U+000C1 
Ã,Aacute ,U+000C1 
Ã¡,aacute; ,U+000E1 
Ã¡,aacute ,U+000E1 
Ä‚,Abreve; ,U+00102 
Äƒ,abreve; ,U+00103 
âˆ¾,ac; ,U+0223E 
âˆ¿,acd; ,U+0223F 
âˆ¾Ì³,acE; ,U+0223E U+00333 
Ã‚,Acirc; ,U+000C2 
Ã‚,Acirc ,U+000C2 
Ã¢,acirc; ,U+000E2 
Ã¢,acirc ,U+000E2 
Â´,acute; ,U+000B4 
Â´,acute ,U+000B4 
Ğ,Acy; ,U+00410 
Ğ°,acy; ,U+00430 
Ã†,AElig; ,U+000C6 
Ã†,AElig ,U+000C6 
Ã¦,aelig; ,U+000E6 
Ã¦,aelig ,U+000E6 
â¡,af; ,U+02061 
ğ”„,Afr; ,U+1D504 
ğ”,afr; ,U+1D51E 
Ã€,Agrave; ,U+000C0 
Ã€,Agrave ,U+000C0 
Ã ,agrave; ,U+000E0 
Ã ,agrave ,U+000E0 
â„µ,alefsym; ,U+02135 
â„µ,aleph; ,U+02135 
Î‘,Alpha; ,U+00391 
Î±,alpha; ,U+003B1 
Ä€,Amacr; ,U+00100 
Ä,amacr; ,U+00101 
â¨¿,amalg; ,U+02A3F 
&,AMP; ,U+00026 
&,AMP ,U+00026 
&,amp; ,U+00026 
&,amp ,U+00026 
â©“,And; ,U+02A53 
âˆ§,and; ,U+02227 
â©•,andand; ,U+02A55 
â©œ,andd; ,U+02A5C 
â©˜,andslope; ,U+02A58 
â©š,andv; ,U+02A5A 
âˆ ,ang; ,U+02220 
â¦¤,ange; ,U+029A4 
âˆ ,angle; ,U+02220 
âˆ¡,angmsd; ,U+02221 
â¦¨,angmsdaa; ,U+029A8 
â¦©,angmsdab; ,U+029A9 
â¦ª,angmsdac; ,U+029AA 
â¦«,angmsdad; ,U+029AB 
â¦¬,angmsdae; ,U+029AC 
â¦­,angmsdaf; ,U+029AD 
â¦®,angmsdag; ,U+029AE 
â¦¯,angmsdah; ,U+029AF 
âˆŸ,angrt; ,U+0221F 
âŠ¾,angrtvb; ,U+022BE 
â¦,angrtvbd; ,U+0299D 
âˆ¢,angsph; ,U+02222 
Ã…,angst; ,U+000C5 
â¼,angzarr; ,U+0237C 
Ä„,Aogon; ,U+00104 
Ä…,aogon; ,U+00105 
ğ”¸,Aopf; ,U+1D538 
ğ•’,aopf; ,U+1D552 
â‰ˆ,ap; ,U+02248 
â©¯,apacir; ,U+02A6F 
â©°,apE; ,U+02A70 
â‰Š,ape; ,U+0224A 
â‰‹,apid; ,U+0224B 
',apos; ,U+00027 
â¡,ApplyFunction; ,U+02061 
â‰ˆ,approx; ,U+02248 
â‰Š,approxeq; ,U+0224A 
Ã…,Aring; ,U+000C5 
Ã…,Aring ,U+000C5 
Ã¥,aring; ,U+000E5 
Ã¥,aring ,U+000E5 
ğ’œ,Ascr; ,U+1D49C 
ğ’¶,ascr; ,U+1D4B6 
â‰”,Assign; ,U+02254 
*,ast; ,U+0002A 
â‰ˆ,asymp; ,U+02248 
â‰,asympeq; ,U+0224D 
Ãƒ,Atilde; ,U+000C3 
Ãƒ,Atilde ,U+000C3 
Ã£,atilde; ,U+000E3 
Ã£,atilde ,U+000E3 
Ã„,Auml; ,U+000C4 
Ã„,Auml ,U+000C4 
Ã¤,auml; ,U+000E4 
Ã¤,auml ,U+000E4 
âˆ³,awconint; ,U+02233 
â¨‘,awint; ,U+02A11 
â‰Œ,backcong; ,U+0224C 
Ï¶,backepsilon; ,U+003F6 
â€µ,backprime; ,U+02035 
âˆ½,backsim; ,U+0223D 
â‹,backsimeq; ,U+022CD 
âˆ–,Backslash; ,U+02216 
â«§,Barv; ,U+02AE7 
âŠ½,barvee; ,U+022BD 
âŒ†,Barwed; ,U+02306 
âŒ…,barwed; ,U+02305 
âŒ…,barwedge; ,U+02305 
âµ,bbrk; ,U+023B5 
â¶,bbrktbrk; ,U+023B6 
â‰Œ,bcong; ,U+0224C 
Ğ‘,Bcy; ,U+00411 
Ğ±,bcy; ,U+00431 
â€,bdquo; ,U+0201E 
âˆµ,becaus; ,U+02235 
âˆµ,Because; ,U+02235 
âˆµ,because; ,U+02235 
â¦°,bemptyv; ,U+029B0 
Ï¶,bepsi; ,U+003F6 
â„¬,bernou; ,U+0212C 
â„¬,Bernoullis; ,U+0212C 
Î’,Beta; ,U+00392 
Î²,beta; ,U+003B2 
â„¶,beth; ,U+02136 
â‰¬,between; ,U+0226C 
ğ”…,Bfr; ,U+1D505 
ğ”Ÿ,bfr; ,U+1D51F 
â‹‚,bigcap; ,U+022C2 
â—¯,bigcirc; ,U+025EF 
â‹ƒ,bigcup; ,U+022C3 
â¨€,bigodot; ,U+02A00 
â¨,bigoplus; ,U+02A01 
â¨‚,bigotimes; ,U+02A02 
â¨†,bigsqcup; ,U+02A06 
â˜…,bigstar; ,U+02605 
â–½,bigtriangledown; ,U+025BD 
â–³,bigtriangleup; ,U+025B3 
â¨„,biguplus; ,U+02A04 
â‹,bigvee; ,U+022C1 
â‹€,bigwedge; ,U+022C0 
â¤,bkarow; ,U+0290D 
â§«,blacklozenge; ,U+029EB 
â–ª,blacksquare; ,U+025AA 
â–´,blacktriangle; ,U+025B4 
â–¾,blacktriangledown; ,U+025BE 
â—‚,blacktriangleleft; ,U+025C2 
â–¸,blacktriangleright; ,U+025B8 
â£,blank; ,U+02423 
â–’,blk12; ,U+02592 
â–‘,blk14; ,U+02591 
â–“,blk34; ,U+02593 
â–ˆ,block; ,U+02588 
#NAME?,bne; ,U+0003D U+020E5 
â‰¡âƒ¥,bnequiv; ,U+02261 U+020E5 
â«­,bNot; ,U+02AED 
âŒ,bnot; ,U+02310 
ğ”¹,Bopf; ,U+1D539 
ğ•“,bopf; ,U+1D553 
âŠ¥,bot; ,U+022A5 
âŠ¥,bottom; ,U+022A5 
â‹ˆ,bowtie; ,U+022C8 
â§‰,boxbox; ,U+029C9 
â•—,boxDL; ,U+02557 
â•–,boxDl; ,U+02556 
â••,boxdL; ,U+02555 
â”,boxdl; ,U+02510 
â•”,boxDR; ,U+02554 
â•“,boxDr; ,U+02553 
â•’,boxdR; ,U+02552 
â”Œ,boxdr; ,U+0250C 
â•,boxH; ,U+02550 
â”€,boxh; ,U+02500 
â•¦,boxHD; ,U+02566 
â•¤,boxHd; ,U+02564 
â•¥,boxhD; ,U+02565 
â”¬,boxhd; ,U+0252C 
â•©,boxHU; ,U+02569 
â•§,boxHu; ,U+02567 
â•¨,boxhU; ,U+02568 
â”´,boxhu; ,U+02534 
âŠŸ,boxminus; ,U+0229F 
âŠ,boxplus; ,U+0229E 
âŠ ,boxtimes; ,U+022A0 
â•,boxUL; ,U+0255D 
â•œ,boxUl; ,U+0255C 
â•›,boxuL; ,U+0255B 
â”˜,boxul; ,U+02518 
â•š,boxUR; ,U+0255A 
â•™,boxUr; ,U+02559 
â•˜,boxuR; ,U+02558 
â””,boxur; ,U+02514 
â•‘,boxV; ,U+02551 
â”‚,boxv; ,U+02502 
â•¬,boxVH; ,U+0256C 
â•«,boxVh; ,U+0256B 
â•ª,boxvH; ,U+0256A 
â”¼,boxvh; ,U+0253C 
â•£,boxVL; ,U+02563 
â•¢,boxVl; ,U+02562 
â•¡,boxvL; ,U+02561 
â”¤,boxvl; ,U+02524 
â• ,boxVR; ,U+02560 
â•Ÿ,boxVr; ,U+0255F 
â•,boxvR; ,U+0255E 
â”œ,boxvr; ,U+0251C 
â€µ,bprime; ,U+02035 
Ë˜,Breve; ,U+002D8 
Ë˜,breve; ,U+002D8 
Â¦,brvbar; ,U+000A6 
Â¦,brvbar ,U+000A6 
â„¬,Bscr; ,U+0212C 
ğ’·,bscr; ,U+1D4B7 
â,bsemi; ,U+0204F 
âˆ½,bsim; ,U+0223D 
â‹,bsime; ,U+022CD 
\,bsol; ,U+0005C 
â§…,bsolb; ,U+029C5 
âŸˆ,bsolhsub; ,U+027C8 
â€¢,bull; ,U+02022 
â€¢,bullet; ,U+02022 
â‰,bump; ,U+0224E 
âª®,bumpE; ,U+02AAE 
â‰,bumpe; ,U+0224F 
â‰,Bumpeq; ,U+0224E 
â‰,bumpeq; ,U+0224F 
Ä†,Cacute; ,U+00106 
Ä‡,cacute; ,U+00107 
â‹’,Cap; ,U+022D2 
âˆ©,cap; ,U+02229 
â©„,capand; ,U+02A44 
â©‰,capbrcup; ,U+02A49 
â©‹,capcap; ,U+02A4B 
â©‡,capcup; ,U+02A47 
â©€,capdot; ,U+02A40 
â……,CapitalDifferentialD; ,U+02145 
âˆ©ï¸€,caps; ,U+02229 U+0FE00 
â,caret; ,U+02041 
Ë‡,caron; ,U+002C7 
â„­,Cayleys; ,U+0212D 
â©,ccaps; ,U+02A4D 
ÄŒ,Ccaron; ,U+0010C 
Ä,ccaron; ,U+0010D 
Ã‡,Ccedil; ,U+000C7 
Ã‡,Ccedil ,U+000C7 
Ã§,ccedil; ,U+000E7 
Ã§,ccedil ,U+000E7 
Äˆ,Ccirc; ,U+00108 
Ä‰,ccirc; ,U+00109 
âˆ°,Cconint; ,U+02230 
â©Œ,ccups; ,U+02A4C 
â©,ccupssm; ,U+02A50 
ÄŠ,Cdot; ,U+0010A 
Ä‹,cdot; ,U+0010B 
Â¸,cedil; ,U+000B8 
Â¸,cedil ,U+000B8 
Â¸,Cedilla; ,U+000B8 
â¦²,cemptyv; ,U+029B2 
Â¢,cent; ,U+000A2 
Â¢,cent ,U+000A2 
Â·,CenterDot; ,U+000B7 
Â·,centerdot; ,U+000B7 
â„­,Cfr; ,U+0212D 
ğ” ,cfr; ,U+1D520 
Ğ§,CHcy; ,U+00427 
Ñ‡,chcy; ,U+00447 
âœ“,check; ,U+02713 
âœ“,checkmark; ,U+02713 
Î§,Chi; ,U+003A7 
Ï‡,chi; ,U+003C7 
â—‹,cir; ,U+025CB 
Ë†,circ; ,U+002C6 
â‰—,circeq; ,U+02257 
â†º,circlearrowleft; ,U+021BA 
â†»,circlearrowright; ,U+021BB 
âŠ›,circledast; ,U+0229B 
âŠš,circledcirc; ,U+0229A 
âŠ,circleddash; ,U+0229D 
âŠ™,CircleDot; ,U+02299 
Â®,circledR; ,U+000AE 
â“ˆ,circledS; ,U+024C8 
âŠ–,CircleMinus; ,U+02296 
âŠ•,CirclePlus; ,U+02295 
âŠ—,CircleTimes; ,U+02297 
â§ƒ,cirE; ,U+029C3 
â‰—,cire; ,U+02257 
â¨,cirfnint; ,U+02A10 
â«¯,cirmid; ,U+02AEF 
â§‚,cirscir; ,U+029C2 
âˆ²,ClockwiseContourIntegral; ,U+02232 
â€,CloseCurlyDoubleQuote; ,U+0201D 
â€™,CloseCurlyQuote; ,U+02019 
â™£,clubs; ,U+02663 
â™£,clubsuit; ,U+02663 
âˆ·,Colon; ,U+02237 
:,colon; ,U+0003A 
â©´,Colone; ,U+02A74 
â‰”,colone; ,U+02254 
â‰”,coloneq; ,U+02254 
,comma; ,U+0002C 
@,commat; ,U+00040 
âˆ,comp; ,U+02201 
âˆ˜,compfn; ,U+02218 
âˆ,complement; ,U+02201 
â„‚,complexes; ,U+02102 
â‰…,cong; ,U+02245 
â©­,congdot; ,U+02A6D 
â‰¡,Congruent; ,U+02261 
âˆ¯,Conint; ,U+0222F 
âˆ®,conint; ,U+0222E 
âˆ®,ContourIntegral; ,U+0222E 
â„‚,Copf; ,U+02102 
ğ•”,copf; ,U+1D554 
âˆ,coprod; ,U+02210 
âˆ,Coproduct; ,U+02210 
Â©,COPY; ,U+000A9 
Â©,COPY ,U+000A9 
Â©,copy; ,U+000A9 
Â©,copy ,U+000A9 
â„—,copysr; ,U+02117 
âˆ³,CounterClockwiseContourIntegral; ,U+02233 
â†µ,crarr; ,U+021B5 
â¨¯,Cross; ,U+02A2F 
âœ—,cross; ,U+02717 
ğ’,Cscr; ,U+1D49E 
ğ’¸,cscr; ,U+1D4B8 
â«,csub; ,U+02ACF 
â«‘,csube; ,U+02AD1 
â«,csup; ,U+02AD0 
â«’,csupe; ,U+02AD2 
â‹¯,ctdot; ,U+022EF 
â¤¸,cudarrl; ,U+02938 
â¤µ,cudarrr; ,U+02935 
â‹,cuepr; ,U+022DE 
â‹Ÿ,cuesc; ,U+022DF 
â†¶,cularr; ,U+021B6 
â¤½,cularrp; ,U+0293D 
â‹“,Cup; ,U+022D3 
âˆª,cup; ,U+0222A 
â©ˆ,cupbrcap; ,U+02A48 
â‰,CupCap; ,U+0224D 
â©†,cupcap; ,U+02A46 
â©Š,cupcup; ,U+02A4A 
âŠ,cupdot; ,U+0228D 
â©…,cupor; ,U+02A45 
âˆªï¸€,cups; ,U+0222A U+0FE00 
â†·,curarr; ,U+021B7 
â¤¼,curarrm; ,U+0293C 
â‹,curlyeqprec; ,U+022DE 
â‹Ÿ,curlyeqsucc; ,U+022DF 
â‹,curlyvee; ,U+022CE 
â‹,curlywedge; ,U+022CF 
Â¤,curren; ,U+000A4 
Â¤,curren ,U+000A4 
â†¶,curvearrowleft; ,U+021B6 
â†·,curvearrowright; ,U+021B7 
â‹,cuvee; ,U+022CE 
â‹,cuwed; ,U+022CF 
âˆ²,cwconint; ,U+02232 
âˆ±,cwint; ,U+02231 
âŒ­,cylcty; ,U+0232D 
â€¡,Dagger; ,U+02021 
â€ ,dagger; ,U+02020 
â„¸,daleth; ,U+02138 
â†¡,Darr; ,U+021A1 
â‡“,dArr; ,U+021D3 
â†“,darr; ,U+02193 
â€,dash; ,U+02010 
â«¤,Dashv; ,U+02AE4 
âŠ£,dashv; ,U+022A3 
â¤,dbkarow; ,U+0290F 
Ë,dblac; ,U+002DD 
Ä,Dcaron; ,U+0010E 
Ä,dcaron; ,U+0010F 
Ğ”,Dcy; ,U+00414 
Ğ´,dcy; ,U+00434 
â……,DD; ,U+02145 
â…†,dd; ,U+02146 
â€¡,ddagger; ,U+02021 
â‡Š,ddarr; ,U+021CA 
â¤‘,DDotrahd; ,U+02911 
â©·,ddotseq; ,U+02A77 
Â°,deg; ,U+000B0 
Â°,deg ,U+000B0 
âˆ‡,Del; ,U+02207 
Î”,Delta; ,U+00394 
Î´,delta; ,U+003B4 
â¦±,demptyv; ,U+029B1 
â¥¿,dfisht; ,U+0297F 
ğ”‡,Dfr; ,U+1D507 
ğ”¡,dfr; ,U+1D521 
â¥¥,dHar; ,U+02965 
â‡ƒ,dharl; ,U+021C3 
â‡‚,dharr; ,U+021C2 
Â´,DiacriticalAcute; ,U+000B4 
Ë™,DiacriticalDot; ,U+002D9 
Ë,DiacriticalDoubleAcute; ,U+002DD 
`,DiacriticalGrave; ,U+00060 
Ëœ,DiacriticalTilde; ,U+002DC 
â‹„,diam; ,U+022C4 
â‹„,Diamond; ,U+022C4 
â‹„,diamond; ,U+022C4 
â™¦,diamondsuit; ,U+02666 
â™¦,diams; ,U+02666 
Â¨,die; ,U+000A8 
â…†,DifferentialD; ,U+02146 
Ï,digamma; ,U+003DD 
â‹²,disin; ,U+022F2 
Ã·,div; ,U+000F7 
Ã·,divide; ,U+000F7 
Ã·,divide ,U+000F7 
â‹‡,divideontimes; ,U+022C7 
â‹‡,divonx; ,U+022C7 
Ğ‚,DJcy; ,U+00402 
Ñ’,djcy; ,U+00452 
âŒ,dlcorn; ,U+0231E 
âŒ,dlcrop; ,U+0230D 
$,dollar; ,U+00024 
ğ”»,Dopf; ,U+1D53B 
ğ••,dopf; ,U+1D555 
Â¨,Dot; ,U+000A8 
Ë™,dot; ,U+002D9 
â—Œâƒœ,DotDot; ,U+020DC 
â‰,doteq; ,U+02250 
â‰‘,doteqdot; ,U+02251 
â‰,DotEqual; ,U+02250 
âˆ¸,dotminus; ,U+02238 
âˆ”,dotplus; ,U+02214 
âŠ¡,dotsquare; ,U+022A1 
âŒ†,doublebarwedge; ,U+02306 
âˆ¯,DoubleContourIntegral; ,U+0222F 
Â¨,DoubleDot; ,U+000A8 
â‡“,DoubleDownArrow; ,U+021D3 
â‡,DoubleLeftArrow; ,U+021D0 
â‡”,DoubleLeftRightArrow; ,U+021D4 
â«¤,DoubleLeftTee; ,U+02AE4 
âŸ¸,DoubleLongLeftArrow; ,U+027F8 
âŸº,DoubleLongLeftRightArrow; ,U+027FA 
âŸ¹,DoubleLongRightArrow; ,U+027F9 
â‡’,DoubleRightArrow; ,U+021D2 
âŠ¨,DoubleRightTee; ,U+022A8 
â‡‘,DoubleUpArrow; ,U+021D1 
â‡•,DoubleUpDownArrow; ,U+021D5 
âˆ¥,DoubleVerticalBar; ,U+02225 
â†“,DownArrow; ,U+02193 
â‡“,Downarrow; ,U+021D3 
â†“,downarrow; ,U+02193 
â¤“,DownArrowBar; ,U+02913 
â‡µ,DownArrowUpArrow; ,U+021F5 
â—ŒÌ‘,DownBreve; ,U+00311 
â‡Š,downdownarrows; ,U+021CA 
â‡ƒ,downharpoonleft; ,U+021C3 
â‡‚,downharpoonright; ,U+021C2 
â¥,DownLeftRightVector; ,U+02950 
â¥,DownLeftTeeVector; ,U+0295E 
â†½,DownLeftVector; ,U+021BD 
â¥–,DownLeftVectorBar; ,U+02956 
â¥Ÿ,DownRightTeeVector; ,U+0295F 
â‡,DownRightVector; ,U+021C1 
â¥—,DownRightVectorBar; ,U+02957 
âŠ¤,DownTee; ,U+022A4 
â†§,DownTeeArrow; ,U+021A7 
â¤,drbkarow; ,U+02910 
âŒŸ,drcorn; ,U+0231F 
âŒŒ,drcrop; ,U+0230C 
ğ’Ÿ,Dscr; ,U+1D49F 
ğ’¹,dscr; ,U+1D4B9 
Ğ…,DScy; ,U+00405 
Ñ•,dscy; ,U+00455 
â§¶,dsol; ,U+029F6 
Ä,Dstrok; ,U+00110 
Ä‘,dstrok; ,U+00111 
â‹±,dtdot; ,U+022F1 
â–¿,dtri; ,U+025BF 
â–¾,dtrif; ,U+025BE 
â‡µ,duarr; ,U+021F5 
â¥¯,duhar; ,U+0296F 
â¦¦,dwangle; ,U+029A6 
Ğ,DZcy; ,U+0040F 
ÑŸ,dzcy; ,U+0045F 
âŸ¿,dzigrarr; ,U+027FF 
Ã‰,Eacute; ,U+000C9 
Ã‰,Eacute ,U+000C9 
Ã©,eacute; ,U+000E9 
Ã©,eacute ,U+000E9 
â©®,easter; ,U+02A6E 
Äš,Ecaron; ,U+0011A 
Ä›,ecaron; ,U+0011B 
â‰–,ecir; ,U+02256 
ÃŠ,Ecirc; ,U+000CA 
ÃŠ,Ecirc ,U+000CA 
Ãª,ecirc; ,U+000EA 
Ãª,ecirc ,U+000EA 
â‰•,ecolon; ,U+02255 
Ğ­,Ecy; ,U+0042D 
Ñ,ecy; ,U+0044D 
â©·,eDDot; ,U+02A77 
Ä–,Edot; ,U+00116 
â‰‘,eDot; ,U+02251 
Ä—,edot; ,U+00117 
â…‡,ee; ,U+02147 
â‰’,efDot; ,U+02252 
ğ”ˆ,Efr; ,U+1D508 
ğ”¢,efr; ,U+1D522 
âªš,eg; ,U+02A9A 
Ãˆ,Egrave; ,U+000C8 
Ãˆ,Egrave ,U+000C8 
Ã¨,egrave; ,U+000E8 
Ã¨,egrave ,U+000E8 
âª–,egs; ,U+02A96 
âª˜,egsdot; ,U+02A98 
âª™,el; ,U+02A99 
âˆˆ,Element; ,U+02208 
â§,elinters; ,U+023E7 
â„“,ell; ,U+02113 
âª•,els; ,U+02A95 
âª—,elsdot; ,U+02A97 
Ä’,Emacr; ,U+00112 
Ä“,emacr; ,U+00113 
âˆ…,empty; ,U+02205 
âˆ…,emptyset; ,U+02205 
â—»,EmptySmallSquare; ,U+025FB 
âˆ…,emptyv; ,U+02205 
â–«,EmptyVerySmallSquare; ,U+025AB 
â€ƒ,emsp; ,U+02003 
â€„,emsp13; ,U+02004 
â€…,emsp14; ,U+02005 
ÅŠ,ENG; ,U+0014A 
Å‹,eng; ,U+0014B 
â€‚,ensp; ,U+02002 
Ä˜,Eogon; ,U+00118 
Ä™,eogon; ,U+00119 
ğ”¼,Eopf; ,U+1D53C 
ğ•–,eopf; ,U+1D556 
â‹•,epar; ,U+022D5 
â§£,eparsl; ,U+029E3 
â©±,eplus; ,U+02A71 
Îµ,epsi; ,U+003B5 
Î•,Epsilon; ,U+00395 
Îµ,epsilon; ,U+003B5 
Ïµ,epsiv; ,U+003F5 
â‰–,eqcirc; ,U+02256 
â‰•,eqcolon; ,U+02255 
â‰‚,eqsim; ,U+02242 
âª–,eqslantgtr; ,U+02A96 
âª•,eqslantless; ,U+02A95 
â©µ,Equal; ,U+02A75 
=,equals; ,U+0003D 
â‰‚,EqualTilde; ,U+02242 
â‰Ÿ,equest; ,U+0225F 
â‡Œ,Equilibrium; ,U+021CC 
â‰¡,equiv; ,U+02261 
â©¸,equivDD; ,U+02A78 
â§¥,eqvparsl; ,U+029E5 
â¥±,erarr; ,U+02971 
â‰“,erDot; ,U+02253 
â„°,Escr; ,U+02130 
â„¯,escr; ,U+0212F 
â‰,esdot; ,U+02250 
â©³,Esim; ,U+02A73 
â‰‚,esim; ,U+02242 
Î—,Eta; ,U+00397 
Î·,eta; ,U+003B7 
Ã,ETH; ,U+000D0 
Ã,ETH ,U+000D0 
Ã°,eth; ,U+000F0 
Ã°,eth ,U+000F0 
Ã‹,Euml; ,U+000CB 
Ã‹,Euml ,U+000CB 
Ã«,euml; ,U+000EB 
Ã«,euml ,U+000EB 
â‚¬,euro; ,U+020AC 
!,excl; ,U+00021 
âˆƒ,exist; ,U+02203 
âˆƒ,Exists; ,U+02203 
â„°,expectation; ,U+02130 
â…‡,ExponentialE; ,U+02147 
â…‡,exponentiale; ,U+02147 
â‰’,fallingdotseq; ,U+02252 
Ğ¤,Fcy; ,U+00424 
Ñ„,fcy; ,U+00444 
â™€,female; ,U+02640 
ï¬ƒ,ffilig; ,U+0FB03 
ï¬€,fflig; ,U+0FB00 
ï¬„,ffllig; ,U+0FB04 
ğ”‰,Ffr; ,U+1D509 
ğ”£,ffr; ,U+1D523 
ï¬,filig; ,U+0FB01 
â—¼,FilledSmallSquare; ,U+025FC 
â–ª,FilledVerySmallSquare; ,U+025AA 
fj,fjlig; ,U+00066 U+0006A 
â™­,flat; ,U+0266D 
ï¬‚,fllig; ,U+0FB02 
â–±,fltns; ,U+025B1 
Æ’,fnof; ,U+00192 
ğ”½,Fopf; ,U+1D53D 
ğ•—,fopf; ,U+1D557 
âˆ€,ForAll; ,U+02200 
âˆ€,forall; ,U+02200 
â‹”,fork; ,U+022D4 
â«™,forkv; ,U+02AD9 
â„±,Fouriertrf; ,U+02131 
â¨,fpartint; ,U+02A0D 
Â½,frac12; ,U+000BD 
Â½,frac12 ,U+000BD 
â…“,frac13; ,U+02153 
Â¼,frac14; ,U+000BC 
Â¼,frac14 ,U+000BC 
â…•,frac15; ,U+02155 
â…™,frac16; ,U+02159 
â…›,frac18; ,U+0215B 
â…”,frac23; ,U+02154 
â…–,frac25; ,U+02156 
Â¾,frac34; ,U+000BE 
Â¾,frac34 ,U+000BE 
â…—,frac35; ,U+02157 
â…œ,frac38; ,U+0215C 
â…˜,frac45; ,U+02158 
â…š,frac56; ,U+0215A 
â…,frac58; ,U+0215D 
â…,frac78; ,U+0215E 
â„,frasl; ,U+02044 
âŒ¢,frown; ,U+02322 
â„±,Fscr; ,U+02131 
ğ’»,fscr; ,U+1D4BB 
Çµ,gacute; ,U+001F5 
Î“,Gamma; ,U+00393 
Î³,gamma; ,U+003B3 
Ïœ,Gammad; ,U+003DC 
Ï,gammad; ,U+003DD 
âª†,gap; ,U+02A86 
Ä,Gbreve; ,U+0011E 
ÄŸ,gbreve; ,U+0011F 
Ä¢,Gcedil; ,U+00122 
Äœ,Gcirc; ,U+0011C 
Ä,gcirc; ,U+0011D 
Ğ“,Gcy; ,U+00413 
Ğ³,gcy; ,U+00433 
Ä ,Gdot; ,U+00120 
Ä¡,gdot; ,U+00121 
â‰§,gE; ,U+02267 
â‰¥,ge; ,U+02265 
âªŒ,gEl; ,U+02A8C 
â‹›,gel; ,U+022DB 
â‰¥,geq; ,U+02265 
â‰§,geqq; ,U+02267 
â©¾,geqslant; ,U+02A7E 
â©¾,ges; ,U+02A7E 
âª©,gescc; ,U+02AA9 
âª€,gesdot; ,U+02A80 
âª‚,gesdoto; ,U+02A82 
âª„,gesdotol; ,U+02A84 
â‹›ï¸€,gesl; ,U+022DB U+0FE00 
âª”,gesles; ,U+02A94 
ğ”Š,Gfr; ,U+1D50A 
ğ”¤,gfr; ,U+1D524 
â‹™,Gg; ,U+022D9 
â‰«,gg; ,U+0226B 
â‹™,ggg; ,U+022D9 
â„·,gimel; ,U+02137 
Ğƒ,GJcy; ,U+00403 
Ñ“,gjcy; ,U+00453 
â‰·,gl; ,U+02277 
âª¥,gla; ,U+02AA5 
âª’,glE; ,U+02A92 
âª¤,glj; ,U+02AA4 
âªŠ,gnap; ,U+02A8A 
âªŠ,gnapprox; ,U+02A8A 
â‰©,gnE; ,U+02269 
âªˆ,gne; ,U+02A88 
âªˆ,gneq; ,U+02A88 
â‰©,gneqq; ,U+02269 
â‹§,gnsim; ,U+022E7 
ğ”¾,Gopf; ,U+1D53E 
ğ•˜,gopf; ,U+1D558 
`,grave; ,U+00060 
â‰¥,GreaterEqual; ,U+02265 
â‹›,GreaterEqualLess; ,U+022DB 
â‰§,GreaterFullEqual; ,U+02267 
âª¢,GreaterGreater; ,U+02AA2 
â‰·,GreaterLess; ,U+02277 
â©¾,GreaterSlantEqual; ,U+02A7E 
â‰³,GreaterTilde; ,U+02273 
ğ’¢,Gscr; ,U+1D4A2 
â„Š,gscr; ,U+0210A 
â‰³,gsim; ,U+02273 
âª,gsime; ,U+02A8E 
âª,gsiml; ,U+02A90 
>,GT; ,U+0003E 
>,GT ,U+0003E 
â‰«,Gt; ,U+0226B 
>,gt; ,U+0003E 
>,gt ,U+0003E 
âª§,gtcc; ,U+02AA7 
â©º,gtcir; ,U+02A7A 
â‹—,gtdot; ,U+022D7 
â¦•,gtlPar; ,U+02995 
â©¼,gtquest; ,U+02A7C 
âª†,gtrapprox; ,U+02A86 
â¥¸,gtrarr; ,U+02978 
â‹—,gtrdot; ,U+022D7 
â‹›,gtreqless; ,U+022DB 
âªŒ,gtreqqless; ,U+02A8C 
â‰·,gtrless; ,U+02277 
â‰³,gtrsim; ,U+02273 
â‰©ï¸€,gvertneqq; ,U+02269 U+0FE00 
â‰©ï¸€,gvnE; ,U+02269 U+0FE00 
Ë‡,Hacek; ,U+002C7 
â€Š,hairsp; ,U+0200A 
Â½,half; ,U+000BD 
â„‹,hamilt; ,U+0210B 
Ğª,HARDcy; ,U+0042A 
ÑŠ,hardcy; ,U+0044A 
â‡”,hArr; ,U+021D4 
â†”,harr; ,U+02194 
â¥ˆ,harrcir; ,U+02948 
â†­,harrw; ,U+021AD 
^,Hat; ,U+0005E 
â„,hbar; ,U+0210F 
Ä¤,Hcirc; ,U+00124 
Ä¥,hcirc; ,U+00125 
â™¥,hearts; ,U+02665 
â™¥,heartsuit; ,U+02665 
â€¦,hellip; ,U+02026 
âŠ¹,hercon; ,U+022B9 
â„Œ,Hfr; ,U+0210C 
ğ”¥,hfr; ,U+1D525 
â„‹,HilbertSpace; ,U+0210B 
â¤¥,hksearow; ,U+02925 
â¤¦,hkswarow; ,U+02926 
â‡¿,hoarr; ,U+021FF 
âˆ»,homtht; ,U+0223B 
â†©,hookleftarrow; ,U+021A9 
â†ª,hookrightarrow; ,U+021AA 
â„,Hopf; ,U+0210D 
ğ•™,hopf; ,U+1D559 
â€•,horbar; ,U+02015 
â”€,HorizontalLine; ,U+02500 
â„‹,Hscr; ,U+0210B 
ğ’½,hscr; ,U+1D4BD 
â„,hslash; ,U+0210F 
Ä¦,Hstrok; ,U+00126 
Ä§,hstrok; ,U+00127 
â‰,HumpDownHump; ,U+0224E 
â‰,HumpEqual; ,U+0224F 
âƒ,hybull; ,U+02043 
â€,hyphen; ,U+02010 
Ã,Iacute; ,U+000CD 
Ã,Iacute ,U+000CD 
Ã­,iacute; ,U+000ED 
Ã­,iacute ,U+000ED 
â£,ic; ,U+02063 
Ã,Icirc; ,U+000CE 
Ã,Icirc ,U+000CE 
Ã®,icirc; ,U+000EE 
Ã®,icirc ,U+000EE 
Ğ˜,Icy; ,U+00418 
Ğ¸,icy; ,U+00438 
Ä°,Idot; ,U+00130 
Ğ•,IEcy; ,U+00415 
Ğµ,iecy; ,U+00435 
Â¡,iexcl; ,U+000A1 
Â¡,iexcl ,U+000A1 
â‡”,iff; ,U+021D4 
â„‘,Ifr; ,U+02111 
ğ”¦,ifr; ,U+1D526 
ÃŒ,Igrave; ,U+000CC 
ÃŒ,Igrave ,U+000CC 
Ã¬,igrave; ,U+000EC 
Ã¬,igrave ,U+000EC 
â…ˆ,ii; ,U+02148 
â¨Œ,iiiint; ,U+02A0C 
âˆ­,iiint; ,U+0222D 
â§œ,iinfin; ,U+029DC 
â„©,iiota; ,U+02129 
Ä²,IJlig; ,U+00132 
Ä³,ijlig; ,U+00133 
â„‘,Im; ,U+02111 
Äª,Imacr; ,U+0012A 
Ä«,imacr; ,U+0012B 
â„‘,image; ,U+02111 
â…ˆ,ImaginaryI; ,U+02148 
â„,imagline; ,U+02110 
â„‘,imagpart; ,U+02111 
Ä±,imath; ,U+00131 
âŠ·,imof; ,U+022B7 
Æµ,imped; ,U+001B5 
â‡’,Implies; ,U+021D2 
âˆˆ,in; ,U+02208 
â„…,incare; ,U+02105 
âˆ,infin; ,U+0221E 
â§,infintie; ,U+029DD 
Ä±,inodot; ,U+00131 
âˆ¬,Int; ,U+0222C 
âˆ«,int; ,U+0222B 
âŠº,intcal; ,U+022BA 
â„¤,integers; ,U+02124 
âˆ«,Integral; ,U+0222B 
âŠº,intercal; ,U+022BA 
â‹‚,Intersection; ,U+022C2 
â¨—,intlarhk; ,U+02A17 
â¨¼,intprod; ,U+02A3C 
â£,InvisibleComma; ,U+02063 
â¢,InvisibleTimes; ,U+02062 
Ğ,IOcy; ,U+00401 
Ñ‘,iocy; ,U+00451 
Ä®,Iogon; ,U+0012E 
Ä¯,iogon; ,U+0012F 
ğ•€,Iopf; ,U+1D540 
ğ•š,iopf; ,U+1D55A 
Î™,Iota; ,U+00399 
Î¹,iota; ,U+003B9 
â¨¼,iprod; ,U+02A3C 
Â¿,iquest; ,U+000BF 
Â¿,iquest ,U+000BF 
â„,Iscr; ,U+02110 
ğ’¾,iscr; ,U+1D4BE 
âˆˆ,isin; ,U+02208 
â‹µ,isindot; ,U+022F5 
â‹¹,isinE; ,U+022F9 
â‹´,isins; ,U+022F4 
â‹³,isinsv; ,U+022F3 
âˆˆ,isinv; ,U+02208 
â¢,it; ,U+02062 
Ä¨,Itilde; ,U+00128 
Ä©,itilde; ,U+00129 
Ğ†,Iukcy; ,U+00406 
Ñ–,iukcy; ,U+00456 
Ã,Iuml; ,U+000CF 
Ã,Iuml ,U+000CF 
Ã¯,iuml; ,U+000EF 
Ã¯,iuml ,U+000EF 
Ä´,Jcirc; ,U+00134 
Äµ,jcirc; ,U+00135 
Ğ™,Jcy; ,U+00419 
Ğ¹,jcy; ,U+00439 
ğ”,Jfr; ,U+1D50D 
ğ”§,jfr; ,U+1D527 
È·,jmath; ,U+00237 
ğ•,Jopf; ,U+1D541 
ğ•›,jopf; ,U+1D55B 
ğ’¥,Jscr; ,U+1D4A5 
ğ’¿,jscr; ,U+1D4BF 
Ğˆ,Jsercy; ,U+00408 
Ñ˜,jsercy; ,U+00458 
Ğ„,Jukcy; ,U+00404 
Ñ”,jukcy; ,U+00454 
Îš,Kappa; ,U+0039A 
Îº,kappa; ,U+003BA 
Ï°,kappav; ,U+003F0 
Ä¶,Kcedil; ,U+00136 
Ä·,kcedil; ,U+00137 
Ğš,Kcy; ,U+0041A 
Ğº,kcy; ,U+0043A 
ğ”,Kfr; ,U+1D50E 
ğ”¨,kfr; ,U+1D528 
Ä¸,kgreen; ,U+00138 
Ğ¥,KHcy; ,U+00425 
Ñ…,khcy; ,U+00445 
ĞŒ,KJcy; ,U+0040C 
Ñœ,kjcy; ,U+0045C 
ğ•‚,Kopf; ,U+1D542 
ğ•œ,kopf; ,U+1D55C 
ğ’¦,Kscr; ,U+1D4A6 
ğ“€,kscr; ,U+1D4C0 
â‡š,lAarr; ,U+021DA 
Ä¹,Lacute; ,U+00139 
Äº,lacute; ,U+0013A 
â¦´,laemptyv; ,U+029B4 
â„’,lagran; ,U+02112 
Î›,Lambda; ,U+0039B 
Î»,lambda; ,U+003BB 
âŸª,Lang; ,U+027EA 
âŸ¨,lang; ,U+027E8 
â¦‘,langd; ,U+02991 
âŸ¨,langle; ,U+027E8 
âª…,lap; ,U+02A85 
â„’,Laplacetrf; ,U+02112 
Â«,laquo; ,U+000AB 
Â«,laquo ,U+000AB 
â†,Larr; ,U+0219E 
â‡,lArr; ,U+021D0 
â†,larr; ,U+02190 
â‡¤,larrb; ,U+021E4 
â¤Ÿ,larrbfs; ,U+0291F 
â¤,larrfs; ,U+0291D 
â†©,larrhk; ,U+021A9 
â†«,larrlp; ,U+021AB 
â¤¹,larrpl; ,U+02939 
â¥³,larrsim; ,U+02973 
â†¢,larrtl; ,U+021A2 
âª«,lat; ,U+02AAB 
â¤›,lAtail; ,U+0291B 
â¤™,latail; ,U+02919 
âª­,late; ,U+02AAD 
âª­ï¸€,lates; ,U+02AAD U+0FE00 
â¤,lBarr; ,U+0290E 
â¤Œ,lbarr; ,U+0290C 
â²,lbbrk; ,U+02772 
{,lbrace; ,U+0007B 
[,lbrack; ,U+0005B 
â¦‹,lbrke; ,U+0298B 
â¦,lbrksld; ,U+0298F 
â¦,lbrkslu; ,U+0298D 
Ä½,Lcaron; ,U+0013D 
Ä¾,lcaron; ,U+0013E 
Ä»,Lcedil; ,U+0013B 
Ä¼,lcedil; ,U+0013C 
âŒˆ,lceil; ,U+02308 
{,lcub; ,U+0007B 
Ğ›,Lcy; ,U+0041B 
Ğ»,lcy; ,U+0043B 
â¤¶,ldca; ,U+02936 
â€œ,ldquo; ,U+0201C 
â€,ldquor; ,U+0201E 
â¥§,ldrdhar; ,U+02967 
â¥‹,ldrushar; ,U+0294B 
â†²,ldsh; ,U+021B2 
â‰¦,lE; ,U+02266 
â‰¤,le; ,U+02264 
âŸ¨,LeftAngleBracket; ,U+027E8 
â†,LeftArrow; ,U+02190 
â‡,Leftarrow; ,U+021D0 
â†,leftarrow; ,U+02190 
â‡¤,LeftArrowBar; ,U+021E4 
â‡†,LeftArrowRightArrow; ,U+021C6 
â†¢,leftarrowtail; ,U+021A2 
âŒˆ,LeftCeiling; ,U+02308 
âŸ¦,LeftDoubleBracket; ,U+027E6 
â¥¡,LeftDownTeeVector; ,U+02961 
â‡ƒ,LeftDownVector; ,U+021C3 
â¥™,LeftDownVectorBar; ,U+02959 
âŒŠ,LeftFloor; ,U+0230A 
â†½,leftharpoondown; ,U+021BD 
â†¼,leftharpoonup; ,U+021BC 
â‡‡,leftleftarrows; ,U+021C7 
â†”,LeftRightArrow; ,U+02194 
â‡”,Leftrightarrow; ,U+021D4 
â†”,leftrightarrow; ,U+02194 
â‡†,leftrightarrows; ,U+021C6 
â‡‹,leftrightharpoons; ,U+021CB 
â†­,leftrightsquigarrow; ,U+021AD 
â¥,LeftRightVector; ,U+0294E 
âŠ£,LeftTee; ,U+022A3 
â†¤,LeftTeeArrow; ,U+021A4 
â¥š,LeftTeeVector; ,U+0295A 
â‹‹,leftthreetimes; ,U+022CB 
âŠ²,LeftTriangle; ,U+022B2 
â§,LeftTriangleBar; ,U+029CF 
âŠ´,LeftTriangleEqual; ,U+022B4 
â¥‘,LeftUpDownVector; ,U+02951 
â¥ ,LeftUpTeeVector; ,U+02960 
â†¿,LeftUpVector; ,U+021BF 
â¥˜,LeftUpVectorBar; ,U+02958 
â†¼,LeftVector; ,U+021BC 
â¥’,LeftVectorBar; ,U+02952 
âª‹,lEg; ,U+02A8B 
â‹š,leg; ,U+022DA 
â‰¤,leq; ,U+02264 
â‰¦,leqq; ,U+02266 
â©½,leqslant; ,U+02A7D 
â©½,les; ,U+02A7D 
âª¨,lescc; ,U+02AA8 
â©¿,lesdot; ,U+02A7F 
âª,lesdoto; ,U+02A81 
âªƒ,lesdotor; ,U+02A83 
â‹šï¸€,lesg; ,U+022DA U+0FE00 
âª“,lesges; ,U+02A93 
âª…,lessapprox; ,U+02A85 
â‹–,lessdot; ,U+022D6 
â‹š,lesseqgtr; ,U+022DA 
âª‹,lesseqqgtr; ,U+02A8B 
â‹š,LessEqualGreater; ,U+022DA 
â‰¦,LessFullEqual; ,U+02266 
â‰¶,LessGreater; ,U+02276 
â‰¶,lessgtr; ,U+02276 
âª¡,LessLess; ,U+02AA1 
â‰²,lesssim; ,U+02272 
â©½,LessSlantEqual; ,U+02A7D 
â‰²,LessTilde; ,U+02272 
â¥¼,lfisht; ,U+0297C 
âŒŠ,lfloor; ,U+0230A 
ğ”,Lfr; ,U+1D50F 
ğ”©,lfr; ,U+1D529 
â‰¶,lg; ,U+02276 
âª‘,lgE; ,U+02A91 
â¥¢,lHar; ,U+02962 
â†½,lhard; ,U+021BD 
â†¼,lharu; ,U+021BC 
â¥ª,lharul; ,U+0296A 
â–„,lhblk; ,U+02584 
Ğ‰,LJcy; ,U+00409 
Ñ™,ljcy; ,U+00459 
â‹˜,Ll; ,U+022D8 
â‰ª,ll; ,U+0226A 
â‡‡,llarr; ,U+021C7 
âŒ,llcorner; ,U+0231E 
â‡š,Lleftarrow; ,U+021DA 
â¥«,llhard; ,U+0296B 
â—º,lltri; ,U+025FA 
Ä¿,Lmidot; ,U+0013F 
Å€,lmidot; ,U+00140 
â°,lmoust; ,U+023B0 
â°,lmoustache; ,U+023B0 
âª‰,lnap; ,U+02A89 
âª‰,lnapprox; ,U+02A89 
â‰¨,lnE; ,U+02268 
âª‡,lne; ,U+02A87 
âª‡,lneq; ,U+02A87 
â‰¨,lneqq; ,U+02268 
â‹¦,lnsim; ,U+022E6 
âŸ¬,loang; ,U+027EC 
â‡½,loarr; ,U+021FD 
âŸ¦,lobrk; ,U+027E6 
âŸµ,LongLeftArrow; ,U+027F5 
âŸ¸,Longleftarrow; ,U+027F8 
âŸµ,longleftarrow; ,U+027F5 
âŸ·,LongLeftRightArrow; ,U+027F7 
âŸº,Longleftrightarrow; ,U+027FA 
âŸ·,longleftrightarrow; ,U+027F7 
âŸ¼,longmapsto; ,U+027FC 
âŸ¶,LongRightArrow; ,U+027F6 
âŸ¹,Longrightarrow; ,U+027F9 
âŸ¶,longrightarrow; ,U+027F6 
â†«,looparrowleft; ,U+021AB 
â†¬,looparrowright; ,U+021AC 
â¦…,lopar; ,U+02985 
ğ•ƒ,Lopf; ,U+1D543 
ğ•,lopf; ,U+1D55D 
â¨­,loplus; ,U+02A2D 
â¨´,lotimes; ,U+02A34 
âˆ—,lowast; ,U+02217 
_,lowbar; ,U+0005F 
â†™,LowerLeftArrow; ,U+02199 
â†˜,LowerRightArrow; ,U+02198 
â—Š,loz; ,U+025CA 
â—Š,lozenge; ,U+025CA 
â§«,lozf; ,U+029EB 
(,lpar; ,U+00028 
â¦“,lparlt; ,U+02993 
â‡†,lrarr; ,U+021C6 
âŒŸ,lrcorner; ,U+0231F 
â‡‹,lrhar; ,U+021CB 
â¥­,lrhard; ,U+0296D 
â€,lrm; ,U+0200E 
âŠ¿,lrtri; ,U+022BF 
â€¹,lsaquo; ,U+02039 
â„’,Lscr; ,U+02112 
ğ“,lscr; ,U+1D4C1 
â†°,Lsh; ,U+021B0 
â†°,lsh; ,U+021B0 
â‰²,lsim; ,U+02272 
âª,lsime; ,U+02A8D 
âª,lsimg; ,U+02A8F 
[,lsqb; ,U+0005B 
â€˜,lsquo; ,U+02018 
â€š,lsquor; ,U+0201A 
Å,Lstrok; ,U+00141 
Å‚,lstrok; ,U+00142 
<,LT; ,U+0003C 
<,LT ,U+0003C 
â‰ª,Lt; ,U+0226A 
<,lt; ,U+0003C 
<,lt ,U+0003C 
âª¦,ltcc; ,U+02AA6 
â©¹,ltcir; ,U+02A79 
â‹–,ltdot; ,U+022D6 
â‹‹,lthree; ,U+022CB 
â‹‰,ltimes; ,U+022C9 
â¥¶,ltlarr; ,U+02976 
â©»,ltquest; ,U+02A7B 
â—ƒ,ltri; ,U+025C3 
âŠ´,ltrie; ,U+022B4 
â—‚,ltrif; ,U+025C2 
â¦–,ltrPar; ,U+02996 
â¥Š,lurdshar; ,U+0294A 
â¥¦,luruhar; ,U+02966 
â‰¨ï¸€,lvertneqq; ,U+02268 U+0FE00 
â‰¨ï¸€,lvnE; ,U+02268 U+0FE00 
Â¯,macr; ,U+000AF 
Â¯,macr ,U+000AF 
â™‚,male; ,U+02642 
âœ ,malt; ,U+02720 
âœ ,maltese; ,U+02720 
â¤…,Map; ,U+02905 
â†¦,map; ,U+021A6 
â†¦,mapsto; ,U+021A6 
â†§,mapstodown; ,U+021A7 
â†¤,mapstoleft; ,U+021A4 
â†¥,mapstoup; ,U+021A5 
â–®,marker; ,U+025AE 
â¨©,mcomma; ,U+02A29 
Ğœ,Mcy; ,U+0041C 
Ğ¼,mcy; ,U+0043C 
â€”,mdash; ,U+02014 
âˆº,mDDot; ,U+0223A 
âˆ¡,measuredangle; ,U+02221 
âŸ,MediumSpace; ,U+0205F 
â„³,Mellintrf; ,U+02133 
ğ”,Mfr; ,U+1D510 
ğ”ª,mfr; ,U+1D52A 
â„§,mho; ,U+02127 
Âµ,micro; ,U+000B5 
Âµ,micro ,U+000B5 
âˆ£,mid; ,U+02223 
*,midast; ,U+0002A 
â«°,midcir; ,U+02AF0 
Â·,middot; ,U+000B7 
Â·,middot ,U+000B7 
âˆ’,minus; ,U+02212 
âŠŸ,minusb; ,U+0229F 
âˆ¸,minusd; ,U+02238 
â¨ª,minusdu; ,U+02A2A 
âˆ“,MinusPlus; ,U+02213 
â«›,mlcp; ,U+02ADB 
â€¦,mldr; ,U+02026 
âˆ“,mnplus; ,U+02213 
âŠ§,models; ,U+022A7 
ğ•„,Mopf; ,U+1D544 
ğ•,mopf; ,U+1D55E 
âˆ“,mp; ,U+02213 
â„³,Mscr; ,U+02133 
ğ“‚,mscr; ,U+1D4C2 
âˆ¾,mstpos; ,U+0223E 
Îœ,Mu; ,U+0039C 
Î¼,mu; ,U+003BC 
âŠ¸,multimap; ,U+022B8 
âŠ¸,mumap; ,U+022B8 
âˆ‡,nabla; ,U+02207 
Åƒ,Nacute; ,U+00143 
Å„,nacute; ,U+00144 
âˆ âƒ’,nang; ,U+02220 U+020D2 
â‰‰,nap; ,U+02249 
â©°Ì¸,napE; ,U+02A70 U+00338 
â‰‹Ì¸,napid; ,U+0224B U+00338 
Å‰,napos; ,U+00149 
â‰‰,napprox; ,U+02249 
â™®,natur; ,U+0266E 
â™®,natural; ,U+0266E 
â„•,naturals; ,U+02115 
 ,nbsp; ,U+000A0 
 ,nbsp ,U+000A0 
â‰Ì¸,nbump; ,U+0224E U+00338 
â‰Ì¸,nbumpe; ,U+0224F U+00338 
â©ƒ,ncap; ,U+02A43 
Å‡,Ncaron; ,U+00147 
Åˆ,ncaron; ,U+00148 
Å…,Ncedil; ,U+00145 
Å†,ncedil; ,U+00146 
â‰‡,ncong; ,U+02247 
â©­Ì¸,ncongdot; ,U+02A6D U+00338 
â©‚,ncup; ,U+02A42 
Ğ,Ncy; ,U+0041D 
Ğ½,ncy; ,U+0043D 
â€“,ndash; ,U+02013 
â‰ ,ne; ,U+02260 
â¤¤,nearhk; ,U+02924 
â‡—,neArr; ,U+021D7 
â†—,nearr; ,U+02197 
â†—,nearrow; ,U+02197 
â‰Ì¸,nedot; ,U+02250 U+00338 
â€‹,NegativeMediumSpace; ,U+0200B 
â€‹,NegativeThickSpace; ,U+0200B 
â€‹,NegativeThinSpace; ,U+0200B 
â€‹,NegativeVeryThinSpace; ,U+0200B 
â‰¢,nequiv; ,U+02262 
â¤¨,nesear; ,U+02928 
â‰‚Ì¸,nesim; ,U+02242 U+00338 
â‰«,NestedGreaterGreater; ,U+0226B 
â‰ª,NestedLessLess; ,U+0226A 
âŠ,NewLine; ,U+0000A 
âˆ„,nexist; ,U+02204 
âˆ„,nexists; ,U+02204 
ğ”‘,Nfr; ,U+1D511 
ğ”«,nfr; ,U+1D52B 
â‰§Ì¸,ngE; ,U+02267 U+00338 
â‰±,nge; ,U+02271 
â‰±,ngeq; ,U+02271 
â‰§Ì¸,ngeqq; ,U+02267 U+00338 
â©¾Ì¸,ngeqslant; ,U+02A7E U+00338 
â©¾Ì¸,nges; ,U+02A7E U+00338 
â‹™Ì¸,nGg; ,U+022D9 U+00338 
â‰µ,ngsim; ,U+02275 
â‰«âƒ’,nGt; ,U+0226B U+020D2 
â‰¯,ngt; ,U+0226F 
â‰¯,ngtr; ,U+0226F 
â‰«Ì¸,nGtv; ,U+0226B U+00338 
â‡,nhArr; ,U+021CE 
â†®,nharr; ,U+021AE 
â«²,nhpar; ,U+02AF2 
âˆ‹,ni; ,U+0220B 
â‹¼,nis; ,U+022FC 
â‹º,nisd; ,U+022FA 
âˆ‹,niv; ,U+0220B 
ĞŠ,NJcy; ,U+0040A 
Ñš,njcy; ,U+0045A 
â‡,nlArr; ,U+021CD 
â†š,nlarr; ,U+0219A 
â€¥,nldr; ,U+02025 
â‰¦Ì¸,nlE; ,U+02266 U+00338 
â‰°,nle; ,U+02270 
â‡,nLeftarrow; ,U+021CD 
â†š,nleftarrow; ,U+0219A 
â‡,nLeftrightarrow; ,U+021CE 
â†®,nleftrightarrow; ,U+021AE 
â‰°,nleq; ,U+02270 
â‰¦Ì¸,nleqq; ,U+02266 U+00338 
â©½Ì¸,nleqslant; ,U+02A7D U+00338 
â©½Ì¸,nles; ,U+02A7D U+00338 
â‰®,nless; ,U+0226E 
â‹˜Ì¸,nLl; ,U+022D8 U+00338 
â‰´,nlsim; ,U+02274 
â‰ªâƒ’,nLt; ,U+0226A U+020D2 
â‰®,nlt; ,U+0226E 
â‹ª,nltri; ,U+022EA 
â‹¬,nltrie; ,U+022EC 
â‰ªÌ¸,nLtv; ,U+0226A U+00338 
âˆ¤,nmid; ,U+02224 
â ,NoBreak; ,U+02060 
 ,NonBreakingSpace; ,U+000A0 
â„•,Nopf; ,U+02115 
ğ•Ÿ,nopf; ,U+1D55F 
â«¬,Not; ,U+02AEC 
Â¬,not; ,U+000AC 
Â¬,not ,U+000AC 
â‰¢,NotCongruent; ,U+02262 
â‰­,NotCupCap; ,U+0226D 
âˆ¦,NotDoubleVerticalBar; ,U+02226 
âˆ‰,NotElement; ,U+02209 
â‰ ,NotEqual; ,U+02260 
â‰‚Ì¸,NotEqualTilde; ,U+02242 U+00338 
âˆ„,NotExists; ,U+02204 
â‰¯,NotGreater; ,U+0226F 
â‰±,NotGreaterEqual; ,U+02271 
â‰§Ì¸,NotGreaterFullEqual; ,U+02267 U+00338 
â‰«Ì¸,NotGreaterGreater; ,U+0226B U+00338 
â‰¹,NotGreaterLess; ,U+02279 
â©¾Ì¸,NotGreaterSlantEqual; ,U+02A7E U+00338 
â‰µ,NotGreaterTilde; ,U+02275 
â‰Ì¸,NotHumpDownHump; ,U+0224E U+00338 
â‰Ì¸,NotHumpEqual; ,U+0224F U+00338 
âˆ‰,notin; ,U+02209 
â‹µÌ¸,notindot; ,U+022F5 U+00338 
â‹¹Ì¸,notinE; ,U+022F9 U+00338 
âˆ‰,notinva; ,U+02209 
â‹·,notinvb; ,U+022F7 
â‹¶,notinvc; ,U+022F6 
â‹ª,NotLeftTriangle; ,U+022EA 
â§Ì¸,NotLeftTriangleBar; ,U+029CF U+00338 
â‹¬,NotLeftTriangleEqual; ,U+022EC 
â‰®,NotLess; ,U+0226E 
â‰°,NotLessEqual; ,U+02270 
â‰¸,NotLessGreater; ,U+02278 
â‰ªÌ¸,NotLessLess; ,U+0226A U+00338 
â©½Ì¸,NotLessSlantEqual; ,U+02A7D U+00338 
â‰´,NotLessTilde; ,U+02274 
âª¢Ì¸,NotNestedGreaterGreater; ,U+02AA2 U+00338 
âª¡Ì¸,NotNestedLessLess; ,U+02AA1 U+00338 
âˆŒ,notni; ,U+0220C 
âˆŒ,notniva; ,U+0220C 
â‹¾,notnivb; ,U+022FE 
â‹½,notnivc; ,U+022FD 
âŠ€,NotPrecedes; ,U+02280 
âª¯Ì¸,NotPrecedesEqual; ,U+02AAF U+00338 
â‹ ,NotPrecedesSlantEqual; ,U+022E0 
âˆŒ,NotReverseElement; ,U+0220C 
â‹«,NotRightTriangle; ,U+022EB 
â§Ì¸,NotRightTriangleBar; ,U+029D0 U+00338 
â‹­,NotRightTriangleEqual; ,U+022ED 
âŠÌ¸,NotSquareSubset; ,U+0228F U+00338 
â‹¢,NotSquareSubsetEqual; ,U+022E2 
âŠÌ¸,NotSquareSuperset; ,U+02290 U+00338 
â‹£,NotSquareSupersetEqual; ,U+022E3 
âŠ‚âƒ’,NotSubset; ,U+02282 U+020D2 
âŠˆ,NotSubsetEqual; ,U+02288 
âŠ,NotSucceeds; ,U+02281 
âª°Ì¸,NotSucceedsEqual; ,U+02AB0 U+00338 
â‹¡,NotSucceedsSlantEqual; ,U+022E1 
â‰¿Ì¸,NotSucceedsTilde; ,U+0227F U+00338 
âŠƒâƒ’,NotSuperset; ,U+02283 U+020D2 
âŠ‰,NotSupersetEqual; ,U+02289 
â‰,NotTilde; ,U+02241 
â‰„,NotTildeEqual; ,U+02244 
â‰‡,NotTildeFullEqual; ,U+02247 
â‰‰,NotTildeTilde; ,U+02249 
âˆ¤,NotVerticalBar; ,U+02224 
âˆ¦,npar; ,U+02226 
âˆ¦,nparallel; ,U+02226 
â«½âƒ¥,nparsl; ,U+02AFD U+020E5 
âˆ‚Ì¸,npart; ,U+02202 U+00338 
â¨”,npolint; ,U+02A14 
âŠ€,npr; ,U+02280 
â‹ ,nprcue; ,U+022E0 
âª¯Ì¸,npre; ,U+02AAF U+00338 
âŠ€,nprec; ,U+02280 
âª¯Ì¸,npreceq; ,U+02AAF U+00338 
â‡,nrArr; ,U+021CF 
â†›,nrarr; ,U+0219B 
â¤³Ì¸,nrarrc; ,U+02933 U+00338 
â†Ì¸,nrarrw; ,U+0219D U+00338 
â‡,nRightarrow; ,U+021CF 
â†›,nrightarrow; ,U+0219B 
â‹«,nrtri; ,U+022EB 
â‹­,nrtrie; ,U+022ED 
âŠ,nsc; ,U+02281 
â‹¡,nsccue; ,U+022E1 
âª°Ì¸,nsce; ,U+02AB0 U+00338 
ğ’©,Nscr; ,U+1D4A9 
ğ“ƒ,nscr; ,U+1D4C3 
âˆ¤,nshortmid; ,U+02224 
âˆ¦,nshortparallel; ,U+02226 
â‰,nsim; ,U+02241 
â‰„,nsime; ,U+02244 
â‰„,nsimeq; ,U+02244 
âˆ¤,nsmid; ,U+02224 
âˆ¦,nspar; ,U+02226 
â‹¢,nsqsube; ,U+022E2 
â‹£,nsqsupe; ,U+022E3 
âŠ„,nsub; ,U+02284 
â«…Ì¸,nsubE; ,U+02AC5 U+00338 
âŠˆ,nsube; ,U+02288 
âŠ‚âƒ’,nsubset; ,U+02282 U+020D2 
âŠˆ,nsubseteq; ,U+02288 
â«…Ì¸,nsubseteqq; ,U+02AC5 U+00338 
âŠ,nsucc; ,U+02281 
âª°Ì¸,nsucceq; ,U+02AB0 U+00338 
âŠ…,nsup; ,U+02285 
â«†Ì¸,nsupE; ,U+02AC6 U+00338 
âŠ‰,nsupe; ,U+02289 
âŠƒâƒ’,nsupset; ,U+02283 U+020D2 
âŠ‰,nsupseteq; ,U+02289 
â«†Ì¸,nsupseteqq; ,U+02AC6 U+00338 
â‰¹,ntgl; ,U+02279 
Ã‘,Ntilde; ,U+000D1 
Ã‘,Ntilde ,U+000D1 
Ã±,ntilde; ,U+000F1 
Ã±,ntilde ,U+000F1 
â‰¸,ntlg; ,U+02278 
â‹ª,ntriangleleft; ,U+022EA 
â‹¬,ntrianglelefteq; ,U+022EC 
â‹«,ntriangleright; ,U+022EB 
â‹­,ntrianglerighteq; ,U+022ED 
Î,Nu; ,U+0039D 
Î½,nu; ,U+003BD 
#,num; ,U+00023 
â„–,numero; ,U+02116 
â€‡,numsp; ,U+02007 
â‰âƒ’,nvap; ,U+0224D U+020D2 
âŠ¯,nVDash; ,U+022AF 
âŠ®,nVdash; ,U+022AE 
âŠ­,nvDash; ,U+022AD 
âŠ¬,nvdash; ,U+022AC 
â‰¥âƒ’,nvge; ,U+02265 U+020D2 
>âƒ’,nvgt; ,U+0003E U+020D2 
â¤„,nvHarr; ,U+02904 
â§,nvinfin; ,U+029DE 
â¤‚,nvlArr; ,U+02902 
â‰¤âƒ’,nvle; ,U+02264 U+020D2 
<âƒ’,nvlt; ,U+0003C U+020D2 
âŠ´âƒ’,nvltrie; ,U+022B4 U+020D2 
â¤ƒ,nvrArr; ,U+02903 
âŠµâƒ’,nvrtrie; ,U+022B5 U+020D2 
âˆ¼âƒ’,nvsim; ,U+0223C U+020D2 
â¤£,nwarhk; ,U+02923 
â‡–,nwArr; ,U+021D6 
â†–,nwarr; ,U+02196 
â†–,nwarrow; ,U+02196 
â¤§,nwnear; ,U+02927 
Ã“,Oacute; ,U+000D3 
Ã“,Oacute ,U+000D3 
Ã³,oacute; ,U+000F3 
Ã³,oacute ,U+000F3 
âŠ›,oast; ,U+0229B 
âŠš,ocir; ,U+0229A 
Ã”,Ocirc; ,U+000D4 
Ã”,Ocirc ,U+000D4 
Ã´,ocirc; ,U+000F4 
Ã´,ocirc ,U+000F4 
Ğ,Ocy; ,U+0041E 
Ğ¾,ocy; ,U+0043E 
âŠ,odash; ,U+0229D 
Å,Odblac; ,U+00150 
Å‘,odblac; ,U+00151 
â¨¸,odiv; ,U+02A38 
âŠ™,odot; ,U+02299 
â¦¼,odsold; ,U+029BC 
Å’,OElig; ,U+00152 
Å“,oelig; ,U+00153 
â¦¿,ofcir; ,U+029BF 
ğ”’,Ofr; ,U+1D512 
ğ”¬,ofr; ,U+1D52C 
Ë›,ogon; ,U+002DB 
Ã’,Ograve; ,U+000D2 
Ã’,Ograve ,U+000D2 
Ã²,ograve; ,U+000F2 
Ã²,ograve ,U+000F2 
â§,ogt; ,U+029C1 
â¦µ,ohbar; ,U+029B5 
Î©,ohm; ,U+003A9 
âˆ®,oint; ,U+0222E 
â†º,olarr; ,U+021BA 
â¦¾,olcir; ,U+029BE 
â¦»,olcross; ,U+029BB 
â€¾,oline; ,U+0203E 
â§€,olt; ,U+029C0 
ÅŒ,Omacr; ,U+0014C 
Å,omacr; ,U+0014D 
Î©,Omega; ,U+003A9 
Ï‰,omega; ,U+003C9 
ÎŸ,Omicron; ,U+0039F 
Î¿,omicron; ,U+003BF 
â¦¶,omid; ,U+029B6 
âŠ–,ominus; ,U+02296 
ğ•†,Oopf; ,U+1D546 
ğ• ,oopf; ,U+1D560 
â¦·,opar; ,U+029B7 
â€œ,OpenCurlyDoubleQuote; ,U+0201C 
â€˜,OpenCurlyQuote; ,U+02018 
â¦¹,operp; ,U+029B9 
âŠ•,oplus; ,U+02295 
â©”,Or; ,U+02A54 
âˆ¨,or; ,U+02228 
â†»,orarr; ,U+021BB 
â©,ord; ,U+02A5D 
â„´,order; ,U+02134 
â„´,orderof; ,U+02134 
Âª,ordf; ,U+000AA 
Âª,ordf ,U+000AA 
Âº,ordm; ,U+000BA 
Âº,ordm ,U+000BA 
âŠ¶,origof; ,U+022B6 
â©–,oror; ,U+02A56 
â©—,orslope; ,U+02A57 
â©›,orv; ,U+02A5B 
â“ˆ,oS; ,U+024C8 
ğ’ª,Oscr; ,U+1D4AA 
â„´,oscr; ,U+02134 
Ã˜,Oslash; ,U+000D8 
Ã˜,Oslash ,U+000D8 
Ã¸,oslash; ,U+000F8 
Ã¸,oslash ,U+000F8 
âŠ˜,osol; ,U+02298 
Ã•,Otilde; ,U+000D5 
Ã•,Otilde ,U+000D5 
Ãµ,otilde; ,U+000F5 
Ãµ,otilde ,U+000F5 
â¨·,Otimes; ,U+02A37 
âŠ—,otimes; ,U+02297 
â¨¶,otimesas; ,U+02A36 
Ã–,Ouml; ,U+000D6 
Ã–,Ouml ,U+000D6 
Ã¶,ouml; ,U+000F6 
Ã¶,ouml ,U+000F6 
âŒ½,ovbar; ,U+0233D 
â€¾,OverBar; ,U+0203E 
â,OverBrace; ,U+023DE 
â´,OverBracket; ,U+023B4 
âœ,OverParenthesis; ,U+023DC 
âˆ¥,par; ,U+02225 
Â¶,para; ,U+000B6 
Â¶,para ,U+000B6 
âˆ¥,parallel; ,U+02225 
â«³,parsim; ,U+02AF3 
â«½,parsl; ,U+02AFD 
âˆ‚,part; ,U+02202 
âˆ‚,PartialD; ,U+02202 
ĞŸ,Pcy; ,U+0041F 
Ğ¿,pcy; ,U+0043F 
%,percnt; ,U+00025 
.,period; ,U+0002E 
â€°,permil; ,U+02030 
âŠ¥,perp; ,U+022A5 
â€±,pertenk; ,U+02031 
ğ”“,Pfr; ,U+1D513 
ğ”­,pfr; ,U+1D52D 
Î¦,Phi; ,U+003A6 
Ï†,phi; ,U+003C6 
Ï•,phiv; ,U+003D5 
â„³,phmmat; ,U+02133 
â˜,phone; ,U+0260E 
Î ,Pi; ,U+003A0 
Ï€,pi; ,U+003C0 
â‹”,pitchfork; ,U+022D4 
Ï–,piv; ,U+003D6 
â„,planck; ,U+0210F 
â„,planckh; ,U+0210E 
â„,plankv; ,U+0210F 
+,plus; ,U+0002B 
â¨£,plusacir; ,U+02A23 
âŠ,plusb; ,U+0229E 
â¨¢,pluscir; ,U+02A22 
âˆ”,plusdo; ,U+02214 
â¨¥,plusdu; ,U+02A25 
â©²,pluse; ,U+02A72 
Â±,PlusMinus; ,U+000B1 
Â±,plusmn; ,U+000B1 
Â±,plusmn ,U+000B1 
â¨¦,plussim; ,U+02A26 
â¨§,plustwo; ,U+02A27 
Â±,pm; ,U+000B1 
â„Œ,Poincareplane; ,U+0210C 
â¨•,pointint; ,U+02A15 
â„™,Popf; ,U+02119 
ğ•¡,popf; ,U+1D561 
Â£,pound; ,U+000A3 
Â£,pound ,U+000A3 
âª»,Pr; ,U+02ABB 
â‰º,pr; ,U+0227A 
âª·,prap; ,U+02AB7 
â‰¼,prcue; ,U+0227C 
âª³,prE; ,U+02AB3 
âª¯,pre; ,U+02AAF 
â‰º,prec; ,U+0227A 
âª·,precapprox; ,U+02AB7 
â‰¼,preccurlyeq; ,U+0227C 
â‰º,Precedes; ,U+0227A 
âª¯,PrecedesEqual; ,U+02AAF 
â‰¼,PrecedesSlantEqual; ,U+0227C 
â‰¾,PrecedesTilde; ,U+0227E 
âª¯,preceq; ,U+02AAF 
âª¹,precnapprox; ,U+02AB9 
âªµ,precneqq; ,U+02AB5 
â‹¨,precnsim; ,U+022E8 
â‰¾,precsim; ,U+0227E 
â€³,Prime; ,U+02033 
â€²,prime; ,U+02032 
â„™,primes; ,U+02119 
âª¹,prnap; ,U+02AB9 
âªµ,prnE; ,U+02AB5 
â‹¨,prnsim; ,U+022E8 
âˆ,prod; ,U+0220F 
âˆ,Product; ,U+0220F 
âŒ®,profalar; ,U+0232E 
âŒ’,profline; ,U+02312 
âŒ“,profsurf; ,U+02313 
âˆ,prop; ,U+0221D 
âˆ·,Proportion; ,U+02237 
âˆ,Proportional; ,U+0221D 
âˆ,propto; ,U+0221D 
â‰¾,prsim; ,U+0227E 
âŠ°,prurel; ,U+022B0 
ğ’«,Pscr; ,U+1D4AB 
ğ“…,pscr; ,U+1D4C5 
Î¨,Psi; ,U+003A8 
Ïˆ,psi; ,U+003C8 
â€ˆ,puncsp; ,U+02008 
ğ””,Qfr; ,U+1D514 
ğ”®,qfr; ,U+1D52E 
â¨Œ,qint; ,U+02A0C 
â„š,Qopf; ,U+0211A 
ğ•¢,qopf; ,U+1D562 
â—,qprime; ,U+02057 
ğ’¬,Qscr; ,U+1D4AC 
ğ“†,qscr; ,U+1D4C6 
â„,quaternions; ,U+0210D 
â¨–,quatint; ,U+02A16 
?,quest; ,U+0003F 
â‰Ÿ,questeq; ,U+0225F 
,QUOT; ,U+00022 
,quot; ,U+00022 
â‡›,rAarr; ,U+021DB 
âˆ½Ì±,race; ,U+0223D U+00331 
Å”,Racute; ,U+00154 
Å•,racute; ,U+00155 
âˆš,radic; ,U+0221A 
â¦³,raemptyv; ,U+029B3 
âŸ«,Rang; ,U+027EB 
âŸ©,rang; ,U+027E9 
â¦’,rangd; ,U+02992 
â¦¥,range; ,U+029A5 
âŸ©,rangle; ,U+027E9 
Â»,raquo; ,U+000BB 
Â»,raquo ,U+000BB 
â† ,Rarr; ,U+021A0 
â‡’,rArr; ,U+021D2 
â†’,rarr; ,U+02192 
â¥µ,rarrap; ,U+02975 
â‡¥,rarrb; ,U+021E5 
â¤ ,rarrbfs; ,U+02920 
â¤³,rarrc; ,U+02933 
â¤,rarrfs; ,U+0291E 
â†ª,rarrhk; ,U+021AA 
â†¬,rarrlp; ,U+021AC 
â¥…,rarrpl; ,U+02945 
â¥´,rarrsim; ,U+02974 
â¤–,Rarrtl; ,U+02916 
â†£,rarrtl; ,U+021A3 
â†,rarrw; ,U+0219D 
â¤œ,rAtail; ,U+0291C 
â¤š,ratail; ,U+0291A 
âˆ¶,ratio; ,U+02236 
â„š,rationals; ,U+0211A 
â¤,RBarr; ,U+02910 
â¤,rBarr; ,U+0290F 
â¤,rbarr; ,U+0290D 
â³,rbbrk; ,U+02773 
},rbrace; ,U+0007D 
],rbrack; ,U+0005D 
â¦Œ,rbrke; ,U+0298C 
â¦,rbrksld; ,U+0298E 
â¦,rbrkslu; ,U+02990 
Å˜,Rcaron; ,U+00158 
Å™,rcaron; ,U+00159 
Å–,Rcedil; ,U+00156 
Å—,rcedil; ,U+00157 
âŒ‰,rceil; ,U+02309 
},rcub; ,U+0007D 
Ğ ,Rcy; ,U+00420 
Ñ€,rcy; ,U+00440 
â¤·,rdca; ,U+02937 
â¥©,rdldhar; ,U+02969 
â€,rdquo; ,U+0201D 
â€,rdquor; ,U+0201D 
â†³,rdsh; ,U+021B3 
â„œ,Re; ,U+0211C 
â„œ,real; ,U+0211C 
â„›,realine; ,U+0211B 
â„œ,realpart; ,U+0211C 
â„,reals; ,U+0211D 
â–­,rect; ,U+025AD 
Â®,REG; ,U+000AE 
Â®,REG ,U+000AE 
Â®,reg; ,U+000AE 
Â®,reg ,U+000AE 
âˆ‹,ReverseElement; ,U+0220B 
â‡‹,ReverseEquilibrium; ,U+021CB 
â¥¯,ReverseUpEquilibrium; ,U+0296F 
â¥½,rfisht; ,U+0297D 
âŒ‹,rfloor; ,U+0230B 
â„œ,Rfr; ,U+0211C 
ğ”¯,rfr; ,U+1D52F 
â¥¤,rHar; ,U+02964 
â‡,rhard; ,U+021C1 
â‡€,rharu; ,U+021C0 
â¥¬,rharul; ,U+0296C 
Î¡,Rho; ,U+003A1 
Ï,rho; ,U+003C1 
Ï±,rhov; ,U+003F1 
âŸ©,RightAngleBracket; ,U+027E9 
â†’,RightArrow; ,U+02192 
â‡’,Rightarrow; ,U+021D2 
â†’,rightarrow; ,U+02192 
â‡¥,RightArrowBar; ,U+021E5 
â‡„,RightArrowLeftArrow; ,U+021C4 
â†£,rightarrowtail; ,U+021A3 
âŒ‰,RightCeiling; ,U+02309 
âŸ§,RightDoubleBracket; ,U+027E7 
â¥,RightDownTeeVector; ,U+0295D 
â‡‚,RightDownVector; ,U+021C2 
â¥•,RightDownVectorBar; ,U+02955 
âŒ‹,RightFloor; ,U+0230B 
â‡,rightharpoondown; ,U+021C1 
â‡€,rightharpoonup; ,U+021C0 
â‡„,rightleftarrows; ,U+021C4 
â‡Œ,rightleftharpoons; ,U+021CC 
â‡‰,rightrightarrows; ,U+021C9 
â†,rightsquigarrow; ,U+0219D 
âŠ¢,RightTee; ,U+022A2 
â†¦,RightTeeArrow; ,U+021A6 
â¥›,RightTeeVector; ,U+0295B 
â‹Œ,rightthreetimes; ,U+022CC 
âŠ³,RightTriangle; ,U+022B3 
â§,RightTriangleBar; ,U+029D0 
âŠµ,RightTriangleEqual; ,U+022B5 
â¥,RightUpDownVector; ,U+0294F 
â¥œ,RightUpTeeVector; ,U+0295C 
â†¾,RightUpVector; ,U+021BE 
â¥”,RightUpVectorBar; ,U+02954 
â‡€,RightVector; ,U+021C0 
â¥“,RightVectorBar; ,U+02953 
Ëš,ring; ,U+002DA 
â‰“,risingdotseq; ,U+02253 
â‡„,rlarr; ,U+021C4 
â‡Œ,rlhar; ,U+021CC 
â€,rlm; ,U+0200F 
â±,rmoust; ,U+023B1 
â±,rmoustache; ,U+023B1 
â«®,rnmid; ,U+02AEE 
âŸ­,roang; ,U+027ED 
â‡¾,roarr; ,U+021FE 
âŸ§,robrk; ,U+027E7 
â¦†,ropar; ,U+02986 
â„,Ropf; ,U+0211D 
ğ•£,ropf; ,U+1D563 
â¨®,roplus; ,U+02A2E 
â¨µ,rotimes; ,U+02A35 
â¥°,RoundImplies; ,U+02970 
),rpar; ,U+00029 
â¦”,rpargt; ,U+02994 
â¨’,rppolint; ,U+02A12 
â‡‰,rrarr; ,U+021C9 
â‡›,Rrightarrow; ,U+021DB 
â€º,rsaquo; ,U+0203A 
â„›,Rscr; ,U+0211B 
ğ“‡,rscr; ,U+1D4C7 
â†±,Rsh; ,U+021B1 
â†±,rsh; ,U+021B1 
],rsqb; ,U+0005D 
â€™,rsquo; ,U+02019 
â€™,rsquor; ,U+02019 
â‹Œ,rthree; ,U+022CC 
â‹Š,rtimes; ,U+022CA 
â–¹,rtri; ,U+025B9 
âŠµ,rtrie; ,U+022B5 
â–¸,rtrif; ,U+025B8 
â§,rtriltri; ,U+029CE 
â§´,RuleDelayed; ,U+029F4 
â¥¨,ruluhar; ,U+02968 
â„,rx; ,U+0211E 
Åš,Sacute; ,U+0015A 
Å›,sacute; ,U+0015B 
â€š,sbquo; ,U+0201A 
âª¼,Sc; ,U+02ABC 
â‰»,sc; ,U+0227B 
âª¸,scap; ,U+02AB8 
Å ,Scaron; ,U+00160 
Å¡,scaron; ,U+00161 
â‰½,sccue; ,U+0227D 
âª´,scE; ,U+02AB4 
âª°,sce; ,U+02AB0 
Å,Scedil; ,U+0015E 
ÅŸ,scedil; ,U+0015F 
Åœ,Scirc; ,U+0015C 
Å,scirc; ,U+0015D 
âªº,scnap; ,U+02ABA 
âª¶,scnE; ,U+02AB6 
â‹©,scnsim; ,U+022E9 
â¨“,scpolint; ,U+02A13 
â‰¿,scsim; ,U+0227F 
Ğ¡,Scy; ,U+00421 
Ñ,scy; ,U+00441 
â‹…,sdot; ,U+022C5 
âŠ¡,sdotb; ,U+022A1 
â©¦,sdote; ,U+02A66 
â¤¥,searhk; ,U+02925 
â‡˜,seArr; ,U+021D8 
â†˜,searr; ,U+02198 
â†˜,searrow; ,U+02198 
Â§,sect; ,U+000A7 
Â§,sect ,U+000A7 
;,semi; ,U+0003B 
â¤©,seswar; ,U+02929 
âˆ–,setminus; ,U+02216 
âˆ–,setmn; ,U+02216 
âœ¶,sext; ,U+02736 
ğ”–,Sfr; ,U+1D516 
ğ”°,sfr; ,U+1D530 
âŒ¢,sfrown; ,U+02322 
â™¯,sharp; ,U+0266F 
Ğ©,SHCHcy; ,U+00429 
Ñ‰,shchcy; ,U+00449 
Ğ¨,SHcy; ,U+00428 
Ñˆ,shcy; ,U+00448 
â†“,ShortDownArrow; ,U+02193 
â†,ShortLeftArrow; ,U+02190 
âˆ£,shortmid; ,U+02223 
âˆ¥,shortparallel; ,U+02225 
â†’,ShortRightArrow; ,U+02192 
â†‘,ShortUpArrow; ,U+02191 
Â­,shy; ,U+000AD 
Â­,shy ,U+000AD 
Î£,Sigma; ,U+003A3 
Ïƒ,sigma; ,U+003C3 
Ï‚,sigmaf; ,U+003C2 
Ï‚,sigmav; ,U+003C2 
âˆ¼,sim; ,U+0223C 
â©ª,simdot; ,U+02A6A 
â‰ƒ,sime; ,U+02243 
â‰ƒ,simeq; ,U+02243 
âª,simg; ,U+02A9E 
âª ,simgE; ,U+02AA0 
âª,siml; ,U+02A9D 
âªŸ,simlE; ,U+02A9F 
â‰†,simne; ,U+02246 
â¨¤,simplus; ,U+02A24 
â¥²,simrarr; ,U+02972 
â†,slarr; ,U+02190 
âˆ˜,SmallCircle; ,U+02218 
âˆ–,smallsetminus; ,U+02216 
â¨³,smashp; ,U+02A33 
â§¤,smeparsl; ,U+029E4 
âˆ£,smid; ,U+02223 
âŒ£,smile; ,U+02323 
âªª,smt; ,U+02AAA 
âª¬,smte; ,U+02AAC 
âª¬ï¸€,smtes; ,U+02AAC U+0FE00 
Ğ¬,SOFTcy; ,U+0042C 
ÑŒ,softcy; ,U+0044C 
/,sol; ,U+0002F 
â§„,solb; ,U+029C4 
âŒ¿,solbar; ,U+0233F 
ğ•Š,Sopf; ,U+1D54A 
ğ•¤,sopf; ,U+1D564 
â™ ,spades; ,U+02660 
â™ ,spadesuit; ,U+02660 
âˆ¥,spar; ,U+02225 
âŠ“,sqcap; ,U+02293 
âŠ“ï¸€,sqcaps; ,U+02293 U+0FE00 
âŠ”,sqcup; ,U+02294 
âŠ”ï¸€,sqcups; ,U+02294 U+0FE00 
âˆš,Sqrt; ,U+0221A 
âŠ,sqsub; ,U+0228F 
âŠ‘,sqsube; ,U+02291 
âŠ,sqsubset; ,U+0228F 
âŠ‘,sqsubseteq; ,U+02291 
âŠ,sqsup; ,U+02290 
âŠ’,sqsupe; ,U+02292 
âŠ,sqsupset; ,U+02290 
âŠ’,sqsupseteq; ,U+02292 
â–¡,squ; ,U+025A1 
â–¡,Square; ,U+025A1 
â–¡,square; ,U+025A1 
âŠ“,SquareIntersection; ,U+02293 
âŠ,SquareSubset; ,U+0228F 
âŠ‘,SquareSubsetEqual; ,U+02291 
âŠ,SquareSuperset; ,U+02290 
âŠ’,SquareSupersetEqual; ,U+02292 
âŠ”,SquareUnion; ,U+02294 
â–ª,squarf; ,U+025AA 
â–ª,squf; ,U+025AA 
â†’,srarr; ,U+02192 
ğ’®,Sscr; ,U+1D4AE 
ğ“ˆ,sscr; ,U+1D4C8 
âˆ–,ssetmn; ,U+02216 
âŒ£,ssmile; ,U+02323 
â‹†,sstarf; ,U+022C6 
â‹†,Star; ,U+022C6 
â˜†,star; ,U+02606 
â˜…,starf; ,U+02605 
Ïµ,straightepsilon; ,U+003F5 
Ï•,straightphi; ,U+003D5 
Â¯,strns; ,U+000AF 
â‹,Sub; ,U+022D0 
âŠ‚,sub; ,U+02282 
âª½,subdot; ,U+02ABD 
â«…,subE; ,U+02AC5 
âŠ†,sube; ,U+02286 
â«ƒ,subedot; ,U+02AC3 
â«,submult; ,U+02AC1 
â«‹,subnE; ,U+02ACB 
âŠŠ,subne; ,U+0228A 
âª¿,subplus; ,U+02ABF 
â¥¹,subrarr; ,U+02979 
â‹,Subset; ,U+022D0 
âŠ‚,subset; ,U+02282 
âŠ†,subseteq; ,U+02286 
â«…,subseteqq; ,U+02AC5 
âŠ†,SubsetEqual; ,U+02286 
âŠŠ,subsetneq; ,U+0228A 
â«‹,subsetneqq; ,U+02ACB 
â«‡,subsim; ,U+02AC7 
â«•,subsub; ,U+02AD5 
â«“,subsup; ,U+02AD3 
â‰»,succ; ,U+0227B 
âª¸,succapprox; ,U+02AB8 
â‰½,succcurlyeq; ,U+0227D 
â‰»,Succeeds; ,U+0227B 
âª°,SucceedsEqual; ,U+02AB0 
â‰½,SucceedsSlantEqual; ,U+0227D 
â‰¿,SucceedsTilde; ,U+0227F 
âª°,succeq; ,U+02AB0 
âªº,succnapprox; ,U+02ABA 
âª¶,succneqq; ,U+02AB6 
â‹©,succnsim; ,U+022E9 
â‰¿,succsim; ,U+0227F 
âˆ‹,SuchThat; ,U+0220B 
âˆ‘,Sum; ,U+02211 
âˆ‘,sum; ,U+02211 
â™ª,sung; ,U+0266A 
â‹‘,Sup; ,U+022D1 
âŠƒ,sup; ,U+02283 
Â¹,sup1; ,U+000B9 
Â¹,sup1 ,U+000B9 
Â²,sup2; ,U+000B2 
Â²,sup2 ,U+000B2 
Â³,sup3; ,U+000B3 
Â³,sup3 ,U+000B3 
âª¾,supdot; ,U+02ABE 
â«˜,supdsub; ,U+02AD8 
â«†,supE; ,U+02AC6 
âŠ‡,supe; ,U+02287 
â«„,supedot; ,U+02AC4 
âŠƒ,Superset; ,U+02283 
âŠ‡,SupersetEqual; ,U+02287 
âŸ‰,suphsol; ,U+027C9 
â«—,suphsub; ,U+02AD7 
â¥»,suplarr; ,U+0297B 
â«‚,supmult; ,U+02AC2 
â«Œ,supnE; ,U+02ACC 
âŠ‹,supne; ,U+0228B 
â«€,supplus; ,U+02AC0 
â‹‘,Supset; ,U+022D1 
âŠƒ,supset; ,U+02283 
âŠ‡,supseteq; ,U+02287 
â«†,supseteqq; ,U+02AC6 
âŠ‹,supsetneq; ,U+0228B 
â«Œ,supsetneqq; ,U+02ACC 
â«ˆ,supsim; ,U+02AC8 
â«”,supsub; ,U+02AD4 
â«–,supsup; ,U+02AD6 
â¤¦,swarhk; ,U+02926 
â‡™,swArr; ,U+021D9 
â†™,swarr; ,U+02199 
â†™,swarrow; ,U+02199 
â¤ª,swnwar; ,U+0292A 
ÃŸ,szlig; ,U+000DF 
ÃŸ,szlig ,U+000DF 
â‰,Tab; ,U+00009 
âŒ–,target; ,U+02316 
Î¤,Tau; ,U+003A4 
Ï„,tau; ,U+003C4 
â´,tbrk; ,U+023B4 
Å¤,Tcaron; ,U+00164 
Å¥,tcaron; ,U+00165 
Å¢,Tcedil; ,U+00162 
Å£,tcedil; ,U+00163 
Ğ¢,Tcy; ,U+00422 
Ñ‚,tcy; ,U+00442 
â—Œâƒ›,tdot; ,U+020DB 
âŒ•,telrec; ,U+02315 
ğ”—,Tfr; ,U+1D517 
ğ”±,tfr; ,U+1D531 
âˆ´,there4; ,U+02234 
âˆ´,Therefore; ,U+02234 
âˆ´,therefore; ,U+02234 
Î˜,Theta; ,U+00398 
Î¸,theta; ,U+003B8 
Ï‘,thetasym; ,U+003D1 
Ï‘,thetav; ,U+003D1 
â‰ˆ,thickapprox; ,U+02248 
âˆ¼,thicksim; ,U+0223C 
âŸâ€Š,ThickSpace; ,U+0205F U+0200A 
â€‰,thinsp; ,U+02009 
â€‰,ThinSpace; ,U+02009 
â‰ˆ,thkap; ,U+02248 
âˆ¼,thksim; ,U+0223C 
Ã,THORN; ,U+000DE 
Ã,THORN ,U+000DE 
Ã¾,thorn; ,U+000FE 
Ã¾,thorn ,U+000FE 
âˆ¼,Tilde; ,U+0223C 
Ëœ,tilde; ,U+002DC 
â‰ƒ,TildeEqual; ,U+02243 
â‰…,TildeFullEqual; ,U+02245 
â‰ˆ,TildeTilde; ,U+02248 
Ã—,times; ,U+000D7 
Ã—,times ,U+000D7 
âŠ ,timesb; ,U+022A0 
â¨±,timesbar; ,U+02A31 
â¨°,timesd; ,U+02A30 
âˆ­,tint; ,U+0222D 
â¤¨,toea; ,U+02928 
âŠ¤,top; ,U+022A4 
âŒ¶,topbot; ,U+02336 
â«±,topcir; ,U+02AF1 
ğ•‹,Topf; ,U+1D54B 
ğ•¥,topf; ,U+1D565 
â«š,topfork; ,U+02ADA 
â¤©,tosa; ,U+02929 
â€´,tprime; ,U+02034 
â„¢,TRADE; ,U+02122 
â„¢,trade; ,U+02122 
â–µ,triangle; ,U+025B5 
â–¿,triangledown; ,U+025BF 
â—ƒ,triangleleft; ,U+025C3 
âŠ´,trianglelefteq; ,U+022B4 
â‰œ,triangleq; ,U+0225C 
â–¹,triangleright; ,U+025B9 
âŠµ,trianglerighteq; ,U+022B5 
â—¬,tridot; ,U+025EC 
â‰œ,trie; ,U+0225C 
â¨º,triminus; ,U+02A3A 
â—Œâƒ›,TripleDot; ,U+020DB 
â¨¹,triplus; ,U+02A39 
â§,trisb; ,U+029CD 
â¨»,tritime; ,U+02A3B 
â¢,trpezium; ,U+023E2 
ğ’¯,Tscr; ,U+1D4AF 
ğ“‰,tscr; ,U+1D4C9 
Ğ¦,TScy; ,U+00426 
Ñ†,tscy; ,U+00446 
Ğ‹,TSHcy; ,U+0040B 
Ñ›,tshcy; ,U+0045B 
Å¦,Tstrok; ,U+00166 
Å§,tstrok; ,U+00167 
â‰¬,twixt; ,U+0226C 
â†,twoheadleftarrow; ,U+0219E 
â† ,twoheadrightarrow; ,U+021A0 
Ãš,Uacute; ,U+000DA 
Ãš,Uacute ,U+000DA 
Ãº,uacute; ,U+000FA 
Ãº,uacute ,U+000FA 
â†Ÿ,Uarr; ,U+0219F 
â‡‘,uArr; ,U+021D1 
â†‘,uarr; ,U+02191 
â¥‰,Uarrocir; ,U+02949 
Ğ,Ubrcy; ,U+0040E 
Ñ,ubrcy; ,U+0045E 
Å¬,Ubreve; ,U+0016C 
Å­,ubreve; ,U+0016D 
Ã›,Ucirc; ,U+000DB 
Ã›,Ucirc ,U+000DB 
Ã»,ucirc; ,U+000FB 
Ã»,ucirc ,U+000FB 
Ğ£,Ucy; ,U+00423 
Ñƒ,ucy; ,U+00443 
â‡…,udarr; ,U+021C5 
Å°,Udblac; ,U+00170 
Å±,udblac; ,U+00171 
â¥®,udhar; ,U+0296E 
â¥¾,ufisht; ,U+0297E 
ğ”˜,Ufr; ,U+1D518 
ğ”²,ufr; ,U+1D532 
Ã™,Ugrave; ,U+000D9 
Ã™,Ugrave ,U+000D9 
Ã¹,ugrave; ,U+000F9 
Ã¹,ugrave ,U+000F9 
â¥£,uHar; ,U+02963 
â†¿,uharl; ,U+021BF 
â†¾,uharr; ,U+021BE 
â–€,uhblk; ,U+02580 
âŒœ,ulcorn; ,U+0231C 
âŒœ,ulcorner; ,U+0231C 
âŒ,ulcrop; ,U+0230F 
â—¸,ultri; ,U+025F8 
Åª,Umacr; ,U+0016A 
Å«,umacr; ,U+0016B 
Â¨,uml; ,U+000A8 
Â¨,uml ,U+000A8 
_,UnderBar; ,U+0005F 
âŸ,UnderBrace; ,U+023DF 
âµ,UnderBracket; ,U+023B5 
â,UnderParenthesis; ,U+023DD 
â‹ƒ,Union; ,U+022C3 
âŠ,UnionPlus; ,U+0228E 
Å²,Uogon; ,U+00172 
Å³,uogon; ,U+00173 
ğ•Œ,Uopf; ,U+1D54C 
ğ•¦,uopf; ,U+1D566 
â†‘,UpArrow; ,U+02191 
â‡‘,Uparrow; ,U+021D1 
â†‘,uparrow; ,U+02191 
â¤’,UpArrowBar; ,U+02912 
â‡…,UpArrowDownArrow; ,U+021C5 
â†•,UpDownArrow; ,U+02195 
â‡•,Updownarrow; ,U+021D5 
â†•,updownarrow; ,U+02195 
â¥®,UpEquilibrium; ,U+0296E 
â†¿,upharpoonleft; ,U+021BF 
â†¾,upharpoonright; ,U+021BE 
âŠ,uplus; ,U+0228E 
â†–,UpperLeftArrow; ,U+02196 
â†—,UpperRightArrow; ,U+02197 
Ï’,Upsi; ,U+003D2 
Ï…,upsi; ,U+003C5 
Ï’,upsih; ,U+003D2 
Î¥,Upsilon; ,U+003A5 
Ï…,upsilon; ,U+003C5 
âŠ¥,UpTee; ,U+022A5 
â†¥,UpTeeArrow; ,U+021A5 
â‡ˆ,upuparrows; ,U+021C8 
âŒ,urcorn; ,U+0231D 
âŒ,urcorner; ,U+0231D 
âŒ,urcrop; ,U+0230E 
Å®,Uring; ,U+0016E 
Å¯,uring; ,U+0016F 
â—¹,urtri; ,U+025F9 
ğ’°,Uscr; ,U+1D4B0 
ğ“Š,uscr; ,U+1D4CA 
â‹°,utdot; ,U+022F0 
Å¨,Utilde; ,U+00168 
Å©,utilde; ,U+00169 
â–µ,utri; ,U+025B5 
â–´,utrif; ,U+025B4 
â‡ˆ,uuarr; ,U+021C8 
Ãœ,Uuml; ,U+000DC 
Ãœ,Uuml ,U+000DC 
Ã¼,uuml; ,U+000FC 
Ã¼,uuml ,U+000FC 
â¦§,uwangle; ,U+029A7 
â¦œ,vangrt; ,U+0299C 
Ïµ,varepsilon; ,U+003F5 
Ï°,varkappa; ,U+003F0 
âˆ…,varnothing; ,U+02205 
Ï•,varphi; ,U+003D5 
Ï–,varpi; ,U+003D6 
âˆ,varpropto; ,U+0221D 
â‡•,vArr; ,U+021D5 
â†•,varr; ,U+02195 
Ï±,varrho; ,U+003F1 
Ï‚,varsigma; ,U+003C2 
âŠŠï¸€,varsubsetneq; ,U+0228A U+0FE00 
â«‹ï¸€,varsubsetneqq; ,U+02ACB U+0FE00 
âŠ‹ï¸€,varsupsetneq; ,U+0228B U+0FE00 
â«Œï¸€,varsupsetneqq; ,U+02ACC U+0FE00 
Ï‘,vartheta; ,U+003D1 
âŠ²,vartriangleleft; ,U+022B2 
âŠ³,vartriangleright; ,U+022B3 
â««,Vbar; ,U+02AEB 
â«¨,vBar; ,U+02AE8 
â«©,vBarv; ,U+02AE9 
Ğ’,Vcy; ,U+00412 
Ğ²,vcy; ,U+00432 
âŠ«,VDash; ,U+022AB 
âŠ©,Vdash; ,U+022A9 
âŠ¨,vDash; ,U+022A8 
âŠ¢,vdash; ,U+022A2 
â«¦,Vdashl; ,U+02AE6 
â‹,Vee; ,U+022C1 
âˆ¨,vee; ,U+02228 
âŠ»,veebar; ,U+022BB 
â‰š,veeeq; ,U+0225A 
â‹®,vellip; ,U+022EE 
â€–,Verbar; ,U+02016 
|,verbar; ,U+0007C 
â€–,Vert; ,U+02016 
|,vert; ,U+0007C 
âˆ£,VerticalBar; ,U+02223 
|,VerticalLine; ,U+0007C 
â˜,VerticalSeparator; ,U+02758 
â‰€,VerticalTilde; ,U+02240 
â€Š,VeryThinSpace; ,U+0200A 
ğ”™,Vfr; ,U+1D519 
ğ”³,vfr; ,U+1D533 
âŠ²,vltri; ,U+022B2 
âŠ‚âƒ’,vnsub; ,U+02282 U+020D2 
âŠƒâƒ’,vnsup; ,U+02283 U+020D2 
ğ•,Vopf; ,U+1D54D 
ğ•§,vopf; ,U+1D567 
âˆ,vprop; ,U+0221D 
âŠ³,vrtri; ,U+022B3 
ğ’±,Vscr; ,U+1D4B1 
ğ“‹,vscr; ,U+1D4CB 
â«‹ï¸€,vsubnE; ,U+02ACB U+0FE00 
âŠŠï¸€,vsubne; ,U+0228A U+0FE00 
â«Œï¸€,vsupnE; ,U+02ACC U+0FE00 
âŠ‹ï¸€,vsupne; ,U+0228B U+0FE00 
âŠª,Vvdash; ,U+022AA 
â¦š,vzigzag; ,U+0299A 
Å´,Wcirc; ,U+00174 
Åµ,wcirc; ,U+00175 
â©Ÿ,wedbar; ,U+02A5F 
â‹€,Wedge; ,U+022C0 
âˆ§,wedge; ,U+02227 
â‰™,wedgeq; ,U+02259 
â„˜,weierp; ,U+02118 
ğ”š,Wfr; ,U+1D51A 
ğ”´,wfr; ,U+1D534 
ğ•,Wopf; ,U+1D54E 
ğ•¨,wopf; ,U+1D568 
â„˜,wp; ,U+02118 
â‰€,wr; ,U+02240 
â‰€,wreath; ,U+02240 
ğ’²,Wscr; ,U+1D4B2 
ğ“Œ,wscr; ,U+1D4CC 
â‹‚,xcap; ,U+022C2 
â—¯,xcirc; ,U+025EF 
â‹ƒ,xcup; ,U+022C3 
â–½,xdtri; ,U+025BD 
ğ”›,Xfr; ,U+1D51B 
ğ”µ,xfr; ,U+1D535 
âŸº,xhArr; ,U+027FA 
âŸ·,xharr; ,U+027F7 
Î,Xi; ,U+0039E 
Î¾,xi; ,U+003BE 
âŸ¸,xlArr; ,U+027F8 
âŸµ,xlarr; ,U+027F5 
âŸ¼,xmap; ,U+027FC 
â‹»,xnis; ,U+022FB 
â¨€,xodot; ,U+02A00 
ğ•,Xopf; ,U+1D54F 
ğ•©,xopf; ,U+1D569 
â¨,xoplus; ,U+02A01 
â¨‚,xotime; ,U+02A02 
âŸ¹,xrArr; ,U+027F9 
âŸ¶,xrarr; ,U+027F6 
ğ’³,Xscr; ,U+1D4B3 
ğ“,xscr; ,U+1D4CD 
â¨†,xsqcup; ,U+02A06 
â¨„,xuplus; ,U+02A04 
â–³,xutri; ,U+025B3 
â‹,xvee; ,U+022C1 
â‹€,xwedge; ,U+022C0 
Ã,Yacute; ,U+000DD 
Ã,Yacute ,U+000DD 
Ã½,yacute; ,U+000FD 
Ã½,yacute ,U+000FD 
Ğ¯,YAcy; ,U+0042F 
Ñ,yacy; ,U+0044F 
Å¶,Ycirc; ,U+00176 
Å·,ycirc; ,U+00177 
Ğ«,Ycy; ,U+0042B 
Ñ‹,ycy; ,U+0044B 
Â¥,yen; ,U+000A5 
Â¥,yen ,U+000A5 
ğ”œ,Yfr; ,U+1D51C 
ğ”¶,yfr; ,U+1D536 
Ğ‡,YIcy; ,U+00407 
Ñ—,yicy; ,U+00457 
ğ•,Yopf; ,U+1D550 
ğ•ª,yopf; ,U+1D56A 
ğ’´,Yscr; ,U+1D4B4 
ğ“,yscr; ,U+1D4CE 
Ğ®,YUcy; ,U+0042E 
Ñ,yucy; ,U+0044E 
Å¸,Yuml; ,U+00178 
Ã¿,yuml; ,U+000FF 
Ã¿,yuml ,U+000FF 
Å¹,Zacute; ,U+00179 
Åº,zacute; ,U+0017A 
Å½,Zcaron; ,U+0017D 
Å¾,zcaron; ,U+0017E 
Ğ—,Zcy; ,U+00417 
Ğ·,zcy; ,U+00437 
Å»,Zdot; ,U+0017B 
Å¼,zdot; ,U+0017C 
â„¨,zeetrf; ,U+02128 
â€‹,ZeroWidthSpace; ,U+0200B 
Î–,Zeta; ,U+00396 
Î¶,zeta; ,U+003B6 
â„¨,Zfr; ,U+02128 
ğ”·,zfr; ,U+1D537 
Ğ–,ZHcy; ,U+00416 
Ğ¶,zhcy; ,U+00436 
â‡,zigrarr; ,U+021DD 
â„¤,Zopf; ,U+02124 
ğ•«,zopf; ,U+1D56B 
ğ’µ,Zscr; ,U+1D4B5 
ğ“,zscr; ,U+1D4CF 
â€,zwj; ,U+0200D 
â€Œ,zwnj; ,U+0200C 
